id,kode_provinsi,nama_provinsi,kode_kabupaten_kota,nama_kabupaten_kota,jumlah_penduduk,satuan,tahun
1,32,JAWA BARAT,3201,KABUPATEN BOGOR,4813.876,RIBU ORANG,2010
2,32,JAWA BARAT,3202,KABUPATEN SUKABUMI,2358.418,RIBU ORANG,2010
3,32,JAWA BARAT,3203,KABUPATEN CIANJUR,2186.794,RIBU ORANG,2010
4,32,JAWA BARAT,3204,KABUPATEN BANDUNG,3205.121,RIBU ORANG,2010
5,32,JAWA BARAT,3205,KABUPATEN GARUT,2422.326,RIBU ORANG,2010
6,32,JAWA BARAT,3206,KABUPATEN TASIKMALAYA,1687.776,RIBU ORANG,2010
7,32,JAWA BARAT,3207,KABUPATEN CIAMIS,1135.724,RIBU ORANG,2010
8,32,JAWA BARAT,3208,KABUPATEN KUNINGAN,1023.907,RIBU ORANG,2010
9,32,JAWA BARAT,3209,KABUPATEN CIREBON,2044.181,RIBU ORANG,2010
10,32,JAWA BARAT,3210,KABUPATEN MAJALENGKA,1153.226,RIBU ORANG,2010
11,32,JAWA BARAT,3211,KABUPATEN SUMEDANG,1101.578,RIBU ORANG,2010
12,32,JAWA BARAT,3212,KABUPATEN INDRAMAYU,1645.024,RIBU ORANG,2010
13,32,JAWA BARAT,3213,KABUPATEN SUBANG,1449.207,RIBU ORANG,2010
14,32,JAWA BARAT,3214,KABUPATEN PURWAKARTA,859.186,RIBU ORANG,2010
15,32,JAWA BARAT,3215,KABUPATEN KARAWANG,2144.185,RIBU ORANG,2010
16,32,JAWA BARAT,3216,KABUPATEN BEKASI,2656.884,RIBU ORANG,2010
17,32,JAWA BARAT,3217,KABUPATEN BANDUNG BARAT,1522.076,RIBU ORANG,2010
18,32,JAWA BARAT,3218,KABUPATEN PANGANDARAN,379.518,RIBU ORANG,2010
19,32,JAWA BARAT,3271,KOTA BOGOR,958.077,RIBU ORANG,2010
20,32,JAWA BARAT,3272,KOTA SUKABUMI,301.014,RIBU ORANG,2010
21,32,JAWA BARAT,3273,KOTA BANDUNG,2412.093,RIBU ORANG,2010
22,32,JAWA BARAT,3274,KOTA CIREBON,293.206,RIBU ORANG,2010
23,32,JAWA BARAT,3275,KOTA BEKASI,2356.1,RIBU ORANG,2010
24,32,JAWA BARAT,3276,KOTA DEPOK,1755.612,RIBU ORANG,2010
25,32,JAWA BARAT,3277,KOTA CIMAHI,545.505,RIBU ORANG,2010
26,32,JAWA BARAT,3278,KOTA TASIKMALAYA,639.987,RIBU ORANG,2010
27,32,JAWA BARAT,3279,KOTA BANJAR,176.506,RIBU ORANG,2010
28,32,JAWA BARAT,3201,KABUPATEN BOGOR,4943.746,RIBU ORANG,2011
29,32,JAWA BARAT,3202,KABUPATEN SUKABUMI,2376.495,RIBU ORANG,2011
30,32,JAWA BARAT,3203,KABUPATEN CIANJUR,2201.003,RIBU ORANG,2011
31,32,JAWA BARAT,3204,KABUPATEN BANDUNG,3272.828,RIBU ORANG,2011
32,32,JAWA BARAT,3205,KABUPATEN GARUT,2450.43,RIBU ORANG,2011
33,32,JAWA BARAT,3206,KABUPATEN TASIKMALAYA,1699.583,RIBU ORANG,2011
34,32,JAWA BARAT,3207,KABUPATEN CIAMIS,1142.23,RIBU ORANG,2011
35,32,JAWA BARAT,3208,KABUPATEN KUNINGAN,1030.205,RIBU ORANG,2011
36,32,JAWA BARAT,3209,KABUPATEN CIREBON,2060.4,RIBU ORANG,2011
37,32,JAWA BARAT,3210,KABUPATEN MAJALENGKA,1158.882,RIBU ORANG,2011
38,32,JAWA BARAT,3211,KABUPATEN SUMEDANG,1110.083,RIBU ORANG,2011
39,32,JAWA BARAT,3212,KABUPATEN INDRAMAYU,1654.119,RIBU ORANG,2011
40,32,JAWA BARAT,3213,KABUPATEN SUBANG,1464.901,RIBU ORANG,2011
41,32,JAWA BARAT,3214,KABUPATEN PURWAKARTA,872.599,RIBU ORANG,2011
42,32,JAWA BARAT,3215,KABUPATEN KARAWANG,2172.289,RIBU ORANG,2011
43,32,JAWA BARAT,3216,KABUPATEN BEKASI,2769.18,RIBU ORANG,2011
44,32,JAWA BARAT,3217,KABUPATEN BANDUNG BARAT,1545.118,RIBU ORANG,2011
45,32,JAWA BARAT,3218,KABUPATEN PANGANDARAN,381.729,RIBU ORANG,2011
46,32,JAWA BARAT,3271,KOTA BOGOR,976.791,RIBU ORANG,2011
47,32,JAWA BARAT,3272,KOTA SUKABUMI,304.704,RIBU ORANG,2011
48,32,JAWA BARAT,3273,KOTA BANDUNG,2429.176,RIBU ORANG,2011
49,32,JAWA BARAT,3274,KOTA CIREBON,295.981,RIBU ORANG,2011
50,32,JAWA BARAT,3275,KOTA BEKASI,2427.075,RIBU ORANG,2011
51,32,JAWA BARAT,3276,KOTA DEPOK,1823.182,RIBU ORANG,2011
52,32,JAWA BARAT,3277,KOTA CIMAHI,554.175,RIBU ORANG,2011
53,32,JAWA BARAT,3278,KOTA TASIKMALAYA,644.305,RIBU ORANG,2011
54,32,JAWA BARAT,3279,KOTA BANJAR,177.587,RIBU ORANG,2011
55,32,JAWA BARAT,3201,KABUPATEN BOGOR,5073.116,RIBU ORANG,2012
56,32,JAWA BARAT,3202,KABUPATEN SUKABUMI,2393.191,RIBU ORANG,2012
57,32,JAWA BARAT,3203,KABUPATEN CIANJUR,2213.889,RIBU ORANG,2012
58,32,JAWA BARAT,3204,KABUPATEN BANDUNG,3339.684,RIBU ORANG,2012
59,32,JAWA BARAT,3205,KABUPATEN GARUT,2477.114,RIBU ORANG,2012
60,32,JAWA BARAT,3206,KABUPATEN TASIKMALAYA,1710.426,RIBU ORANG,2012
61,32,JAWA BARAT,3207,KABUPATEN CIAMIS,1148.782,RIBU ORANG,2012
62,32,JAWA BARAT,3208,KABUPATEN KUNINGAN,1036.494,RIBU ORANG,2012
63,32,JAWA BARAT,3209,KABUPATEN CIREBON,2076.615,RIBU ORANG,2012
64,32,JAWA BARAT,3210,KABUPATEN MAJALENGKA,1164.724,RIBU ORANG,2012
65,32,JAWA BARAT,3211,KABUPATEN SUMEDANG,1117.919,RIBU ORANG,2012
66,32,JAWA BARAT,3212,KABUPATEN INDRAMAYU,1663.397,RIBU ORANG,2012
67,32,JAWA BARAT,3213,KABUPATEN SUBANG,1480.708,RIBU ORANG,2012
68,32,JAWA BARAT,3214,KABUPATEN PURWAKARTA,885.386,RIBU ORANG,2012
69,32,JAWA BARAT,3215,KABUPATEN KARAWANG,2199.394,RIBU ORANG,2012
70,32,JAWA BARAT,3216,KABUPATEN BEKASI,2884.3,RIBU ORANG,2012
71,32,JAWA BARAT,3217,KABUPATEN BANDUNG BARAT,1567.398,RIBU ORANG,2012
72,32,JAWA BARAT,3218,KABUPATEN PANGANDARAN,383.915,RIBU ORANG,2012
73,32,JAWA BARAT,3271,KOTA BOGOR,995.081,RIBU ORANG,2012
74,32,JAWA BARAT,3272,KOTA SUKABUMI,308.405,RIBU ORANG,2012
75,32,JAWA BARAT,3273,KOTA BANDUNG,2444.617,RIBU ORANG,2012
76,32,JAWA BARAT,3274,KOTA CIREBON,298.825,RIBU ORANG,2012
77,32,JAWA BARAT,3275,KOTA BEKASI,2498.598,RIBU ORANG,2012
78,32,JAWA BARAT,3276,KOTA DEPOK,1891.981,RIBU ORANG,2012
79,32,JAWA BARAT,3277,KOTA CIMAHI,562.721,RIBU ORANG,2012
80,32,JAWA BARAT,3278,KOTA TASIKMALAYA,648.178,RIBU ORANG,2012
81,32,JAWA BARAT,3279,KOTA BANJAR,178.728,RIBU ORANG,2012
82,32,JAWA BARAT,3201,KABUPATEN BOGOR,5202.097,RIBU ORANG,2013
83,32,JAWA BARAT,3202,KABUPATEN SUKABUMI,2408.417,RIBU ORANG,2013
84,32,JAWA BARAT,3203,KABUPATEN CIANJUR,2225.313,RIBU ORANG,2013
85,32,JAWA BARAT,3204,KABUPATEN BANDUNG,3405.475,RIBU ORANG,2013
86,32,JAWA BARAT,3205,KABUPATEN GARUT,2502.41,RIBU ORANG,2013
87,32,JAWA BARAT,3206,KABUPATEN TASIKMALAYA,1720.123,RIBU ORANG,2013
88,32,JAWA BARAT,3207,KABUPATEN CIAMIS,1155.471,RIBU ORANG,2013
89,32,JAWA BARAT,3208,KABUPATEN KUNINGAN,1042.789,RIBU ORANG,2013
90,32,JAWA BARAT,3209,KABUPATEN CIREBON,2093.075,RIBU ORANG,2013
91,32,JAWA BARAT,3210,KABUPATEN MAJALENGKA,1170.505,RIBU ORANG,2013
92,32,JAWA BARAT,3211,KABUPATEN SUMEDANG,1125.125,RIBU ORANG,2013
93,32,JAWA BARAT,3212,KABUPATEN INDRAMAYU,1672.683,RIBU ORANG,2013
94,32,JAWA BARAT,3213,KABUPATEN SUBANG,1496.886,RIBU ORANG,2013
95,32,JAWA BARAT,3214,KABUPATEN PURWAKARTA,898.001,RIBU ORANG,2013
96,32,JAWA BARAT,3215,KABUPATEN KARAWANG,2225.383,RIBU ORANG,2013
97,32,JAWA BARAT,3216,KABUPATEN BEKASI,3002.112,RIBU ORANG,2013
98,32,JAWA BARAT,3217,KABUPATEN BANDUNG BARAT,1588.781,RIBU ORANG,2013
99,32,JAWA BARAT,3218,KABUPATEN PANGANDARAN,386.129,RIBU ORANG,2013
100,32,JAWA BARAT,3271,KOTA BOGOR,1013.019,RIBU ORANG,2013
101,32,JAWA BARAT,3272,KOTA SUKABUMI,311.822,RIBU ORANG,2013
102,32,JAWA BARAT,3273,KOTA BANDUNG,2458.503,RIBU ORANG,2013
103,32,JAWA BARAT,3274,KOTA CIREBON,301.728,RIBU ORANG,2013
104,32,JAWA BARAT,3275,KOTA BEKASI,2570.397,RIBU ORANG,2013
105,32,JAWA BARAT,3276,KOTA DEPOK,1962.182,RIBU ORANG,2013
106,32,JAWA BARAT,3277,KOTA CIMAHI,570.991,RIBU ORANG,2013
107,32,JAWA BARAT,3278,KOTA TASIKMALAYA,651.676,RIBU ORANG,2013
108,32,JAWA BARAT,3279,KOTA BANJAR,179.706,RIBU ORANG,2013
109,32,JAWA BARAT,3201,KABUPATEN BOGOR,5331.149,RIBU ORANG,2014
110,32,JAWA BARAT,3202,KABUPATEN SUKABUMI,2422.113,RIBU ORANG,2014
111,32,JAWA BARAT,3203,KABUPATEN CIANJUR,2235.418,RIBU ORANG,2014
112,32,JAWA BARAT,3204,KABUPATEN BANDUNG,3470.393,RIBU ORANG,2014
113,32,JAWA BARAT,3205,KABUPATEN GARUT,2526.186,RIBU ORANG,2014
114,32,JAWA BARAT,3206,KABUPATEN TASIKMALAYA,1728.587,RIBU ORANG,2014
115,32,JAWA BARAT,3207,KABUPATEN CIAMIS,1162.102,RIBU ORANG,2014
116,32,JAWA BARAT,3208,KABUPATEN KUNINGAN,1049.084,RIBU ORANG,2014
117,32,JAWA BARAT,3209,KABUPATEN CIREBON,2109.588,RIBU ORANG,2014
118,32,JAWA BARAT,3210,KABUPATEN MAJALENGKA,1176.313,RIBU ORANG,2014
119,32,JAWA BARAT,3211,KABUPATEN SUMEDANG,1131.516,RIBU ORANG,2014
120,32,JAWA BARAT,3212,KABUPATEN INDRAMAYU,1682.022,RIBU ORANG,2014
121,32,JAWA BARAT,3213,KABUPATEN SUBANG,1513.093,RIBU ORANG,2014
122,32,JAWA BARAT,3214,KABUPATEN PURWAKARTA,910.007,RIBU ORANG,2014
123,32,JAWA BARAT,3215,KABUPATEN KARAWANG,2250.12,RIBU ORANG,2014
124,32,JAWA BARAT,3216,KABUPATEN BEKASI,3122.698,RIBU ORANG,2014
125,32,JAWA BARAT,3217,KABUPATEN BANDUNG BARAT,1609.512,RIBU ORANG,2014
126,32,JAWA BARAT,3218,KABUPATEN PANGANDARAN,388.32,RIBU ORANG,2014
127,32,JAWA BARAT,3271,KOTA BOGOR,1030.72,RIBU ORANG,2014
128,32,JAWA BARAT,3272,KOTA SUKABUMI,315.001,RIBU ORANG,2014
129,32,JAWA BARAT,3273,KOTA BANDUNG,2470.802,RIBU ORANG,2014
130,32,JAWA BARAT,3274,KOTA CIREBON,304.584,RIBU ORANG,2014
131,32,JAWA BARAT,3275,KOTA BEKASI,2642.508,RIBU ORANG,2014
132,32,JAWA BARAT,3276,KOTA DEPOK,2033.508,RIBU ORANG,2014
133,32,JAWA BARAT,3277,KOTA CIMAHI,579.015,RIBU ORANG,2014
134,32,JAWA BARAT,3278,KOTA TASIKMALAYA,654.794,RIBU ORANG,2014
135,32,JAWA BARAT,3279,KOTA BANJAR,180.515,RIBU ORANG,2014
136,32,JAWA BARAT,3201,KABUPATEN BOGOR,5459.668,RIBU ORANG,2015
137,32,JAWA BARAT,3202,KABUPATEN SUKABUMI,2434.221,RIBU ORANG,2015
138,32,JAWA BARAT,3203,KABUPATEN CIANJUR,2243.904,RIBU ORANG,2015
139,32,JAWA BARAT,3204,KABUPATEN BANDUNG,3534.114,RIBU ORANG,2015
140,32,JAWA BARAT,3205,KABUPATEN GARUT,2548.723,RIBU ORANG,2015
141,32,JAWA BARAT,3206,KABUPATEN TASIKMALAYA,1735.998,RIBU ORANG,2015
142,32,JAWA BARAT,3207,KABUPATEN CIAMIS,1168.682,RIBU ORANG,2015
143,32,JAWA BARAT,3208,KABUPATEN KUNINGAN,1055.417,RIBU ORANG,2015
144,32,JAWA BARAT,3209,KABUPATEN CIREBON,2126.179,RIBU ORANG,2015
145,32,JAWA BARAT,3210,KABUPATEN MAJALENGKA,1182.109,RIBU ORANG,2015
146,32,JAWA BARAT,3211,KABUPATEN SUMEDANG,1137.273,RIBU ORANG,2015
147,32,JAWA BARAT,3212,KABUPATEN INDRAMAYU,1691.386,RIBU ORANG,2015
148,32,JAWA BARAT,3213,KABUPATEN SUBANG,1529.388,RIBU ORANG,2015
149,32,JAWA BARAT,3214,KABUPATEN PURWAKARTA,921.598,RIBU ORANG,2015
150,32,JAWA BARAT,3215,KABUPATEN KARAWANG,2273.579,RIBU ORANG,2015
151,32,JAWA BARAT,3216,KABUPATEN BEKASI,3246.013,RIBU ORANG,2015
152,32,JAWA BARAT,3217,KABUPATEN BANDUNG BARAT,1629.423,RIBU ORANG,2015
153,32,JAWA BARAT,3218,KABUPATEN PANGANDARAN,390.483,RIBU ORANG,2015
154,32,JAWA BARAT,3271,KOTA BOGOR,1047.922,RIBU ORANG,2015
155,32,JAWA BARAT,3272,KOTA SUKABUMI,318.117,RIBU ORANG,2015
156,32,JAWA BARAT,3273,KOTA BANDUNG,2481.469,RIBU ORANG,2015
157,32,JAWA BARAT,3274,KOTA CIREBON,307.494,RIBU ORANG,2015
158,32,JAWA BARAT,3275,KOTA BEKASI,2714.825,RIBU ORANG,2015
159,32,JAWA BARAT,3276,KOTA DEPOK,2106.102,RIBU ORANG,2015
160,32,JAWA BARAT,3277,KOTA CIMAHI,586.58,RIBU ORANG,2015
161,32,JAWA BARAT,3278,KOTA TASIKMALAYA,657.477,RIBU ORANG,2015
162,32,JAWA BARAT,3279,KOTA BANJAR,181.425,RIBU ORANG,2015
163,32,JAWA BARAT,3201,KABUPATEN BOGOR,5587.39,RIBU ORANG,2016
164,32,JAWA BARAT,3202,KABUPATEN SUKABUMI,2444.616,RIBU ORANG,2016
165,32,JAWA BARAT,3203,KABUPATEN CIANJUR,2250.977,RIBU ORANG,2016
166,32,JAWA BARAT,3204,KABUPATEN BANDUNG,3596.623,RIBU ORANG,2016
167,32,JAWA BARAT,3205,KABUPATEN GARUT,2569.505,RIBU ORANG,2016
168,32,JAWA BARAT,3206,KABUPATEN TASIKMALAYA,1742.276,RIBU ORANG,2016
169,32,JAWA BARAT,3207,KABUPATEN CIAMIS,1175.389,RIBU ORANG,2016
170,32,JAWA BARAT,3208,KABUPATEN KUNINGAN,1061.886,RIBU ORANG,2016
171,32,JAWA BARAT,3209,KABUPATEN CIREBON,2142.999,RIBU ORANG,2016
172,32,JAWA BARAT,3210,KABUPATEN MAJALENGKA,1188.004,RIBU ORANG,2016
173,32,JAWA BARAT,3211,KABUPATEN SUMEDANG,1142.097,RIBU ORANG,2016
174,32,JAWA BARAT,3212,KABUPATEN INDRAMAYU,1700.815,RIBU ORANG,2016
175,32,JAWA BARAT,3213,KABUPATEN SUBANG,1546.0,RIBU ORANG,2016
176,32,JAWA BARAT,3214,KABUPATEN PURWAKARTA,932.701,RIBU ORANG,2016
177,32,JAWA BARAT,3215,KABUPATEN KARAWANG,2295.778,RIBU ORANG,2016
178,32,JAWA BARAT,3216,KABUPATEN BEKASI,3371.691,RIBU ORANG,2016
179,32,JAWA BARAT,3217,KABUPATEN BANDUNG BARAT,1648.387,RIBU ORANG,2016
180,32,JAWA BARAT,3218,KABUPATEN PANGANDARAN,392.817,RIBU ORANG,2016
181,32,JAWA BARAT,3271,KOTA BOGOR,1064.687,RIBU ORANG,2016
182,32,JAWA BARAT,3272,KOTA SUKABUMI,321.097,RIBU ORANG,2016
183,32,JAWA BARAT,3273,KOTA BANDUNG,2490.622,RIBU ORANG,2016
184,32,JAWA BARAT,3274,KOTA CIREBON,310.486,RIBU ORANG,2016
185,32,JAWA BARAT,3275,KOTA BEKASI,2787.205,RIBU ORANG,2016
186,32,JAWA BARAT,3276,KOTA DEPOK,2179.813,RIBU ORANG,2016
187,32,JAWA BARAT,3277,KOTA CIMAHI,594.021,RIBU ORANG,2016
188,32,JAWA BARAT,3278,KOTA TASIKMALAYA,659.606,RIBU ORANG,2016
189,32,JAWA BARAT,3279,KOTA BANJAR,181.901,RIBU ORANG,2016
190,32,JAWA BARAT,3201,KABUPATEN BOGOR,5715.009,RIBU ORANG,2017
191,32,JAWA BARAT,3202,KABUPATEN SUKABUMI,2453.498,RIBU ORANG,2017
192,32,JAWA BARAT,3203,KABUPATEN CIANJUR,2256.589,RIBU ORANG,2017
193,32,JAWA BARAT,3204,KABUPATEN BANDUNG,3657.601,RIBU ORANG,2017
194,32,JAWA BARAT,3205,KABUPATEN GARUT,2588.839,RIBU ORANG,2017
195,32,JAWA BARAT,3206,KABUPATEN TASIKMALAYA,1747.318,RIBU ORANG,2017
196,32,JAWA BARAT,3207,KABUPATEN CIAMIS,1181.981,RIBU ORANG,2017
197,32,JAWA BARAT,3208,KABUPATEN KUNINGAN,1068.201,RIBU ORANG,2017
198,32,JAWA BARAT,3209,KABUPATEN CIREBON,2159.577,RIBU ORANG,2017
199,32,JAWA BARAT,3210,KABUPATEN MAJALENGKA,1193.725,RIBU ORANG,2017
200,32,JAWA BARAT,3211,KABUPATEN SUMEDANG,1146.435,RIBU ORANG,2017
201,32,JAWA BARAT,3212,KABUPATEN INDRAMAYU,1709.994,RIBU ORANG,2017
202,32,JAWA BARAT,3213,KABUPATEN SUBANG,1562.509,RIBU ORANG,2017
203,32,JAWA BARAT,3214,KABUPATEN PURWAKARTA,943.337,RIBU ORANG,2017
204,32,JAWA BARAT,3215,KABUPATEN KARAWANG,2316.489,RIBU ORANG,2017
205,32,JAWA BARAT,3216,KABUPATEN BEKASI,3500.023,RIBU ORANG,2017
206,32,JAWA BARAT,3217,KABUPATEN BANDUNG BARAT,1666.51,RIBU ORANG,2017
207,32,JAWA BARAT,3218,KABUPATEN PANGANDARAN,395.098,RIBU ORANG,2017
208,32,JAWA BARAT,3271,KOTA BOGOR,1081.009,RIBU ORANG,2017
209,32,JAWA BARAT,3272,KOTA SUKABUMI,323.788,RIBU ORANG,2017
210,32,JAWA BARAT,3273,KOTA BANDUNG,2497.938,RIBU ORANG,2017
211,32,JAWA BARAT,3274,KOTA CIREBON,313.325,RIBU ORANG,2017
212,32,JAWA BARAT,3275,KOTA BEKASI,2859.63,RIBU ORANG,2017
213,32,JAWA BARAT,3276,KOTA DEPOK,2254.513,RIBU ORANG,2017
214,32,JAWA BARAT,3277,KOTA CIMAHI,601.099,RIBU ORANG,2017
215,32,JAWA BARAT,3278,KOTA TASIKMALAYA,661.404,RIBU ORANG,2017
216,32,JAWA BARAT,3279,KOTA BANJAR,182.388,RIBU ORANG,2017
217,32,JAWA BARAT,3201,KABUPATEN BOGOR,5840.9,RIBU ORANG,2018
218,32,JAWA BARAT,3202,KABUPATEN SUKABUMI,2460.7,RIBU ORANG,2018
219,32,JAWA BARAT,3203,KABUPATEN CIANJUR,2260.6,RIBU ORANG,2018
220,32,JAWA BARAT,3204,KABUPATEN BANDUNG,3717.3,RIBU ORANG,2018
221,32,JAWA BARAT,3205,KABUPATEN GARUT,2606.4,RIBU ORANG,2018
222,32,JAWA BARAT,3206,KABUPATEN TASIKMALAYA,1751.3,RIBU ORANG,2018
223,32,JAWA BARAT,3207,KABUPATEN CIAMIS,1188.6,RIBU ORANG,2018
224,32,JAWA BARAT,3208,KABUPATEN KUNINGAN,1074.5,RIBU ORANG,2018
225,32,JAWA BARAT,3209,KABUPATEN CIREBON,2176.2,RIBU ORANG,2018
226,32,JAWA BARAT,3210,KABUPATEN MAJALENGKA,1199.3,RIBU ORANG,2018
227,32,JAWA BARAT,3211,KABUPATEN SUMEDANG,1149.9,RIBU ORANG,2018
228,32,JAWA BARAT,3212,KABUPATEN INDRAMAYU,1719.2,RIBU ORANG,2018
229,32,JAWA BARAT,3213,KABUPATEN SUBANG,1579.0,RIBU ORANG,2018
230,32,JAWA BARAT,3214,KABUPATEN PURWAKARTA,953.4,RIBU ORANG,2018
231,32,JAWA BARAT,3215,KABUPATEN KARAWANG,2336.0,RIBU ORANG,2018
232,32,JAWA BARAT,3216,KABUPATEN BEKASI,3630.9,RIBU ORANG,2018
233,32,JAWA BARAT,3217,KABUPATEN BANDUNG BARAT,1683.7,RIBU ORANG,2018
234,32,JAWA BARAT,3218,KABUPATEN PANGANDARAN,397.2,RIBU ORANG,2018
235,32,JAWA BARAT,3271,KOTA BOGOR,1096.8,RIBU ORANG,2018
236,32,JAWA BARAT,3272,KOTA SUKABUMI,326.3,RIBU ORANG,2018
237,32,JAWA BARAT,3273,KOTA BANDUNG,2503.7,RIBU ORANG,2018
238,32,JAWA BARAT,3274,KOTA CIREBON,316.3,RIBU ORANG,2018
239,32,JAWA BARAT,3275,KOTA BEKASI,2931.9,RIBU ORANG,2018
240,32,JAWA BARAT,3276,KOTA DEPOK,2330.3,RIBU ORANG,2018
241,32,JAWA BARAT,3277,KOTA CIMAHI,607.8,RIBU ORANG,2018
242,32,JAWA BARAT,3278,KOTA TASIKMALAYA,662.7,RIBU ORANG,2018
243,32,JAWA BARAT,3279,KOTA BANJAR,182.8,RIBU ORANG,2018
244,32,JAWA BARAT,3201,KABUPATEN BOGOR,5965.4,RIBU ORANG,2019
245,32,JAWA BARAT,3202,KABUPATEN SUKABUMI,2466.3,RIBU ORANG,2019
246,32,JAWA BARAT,3203,KABUPATEN CIANJUR,2263.1,RIBU ORANG,2019
247,32,JAWA BARAT,3204,KABUPATEN BANDUNG,3775.3,RIBU ORANG,2019
248,32,JAWA BARAT,3205,KABUPATEN GARUT,2622.4,RIBU ORANG,2019
249,32,JAWA BARAT,3206,KABUPATEN TASIKMALAYA,1754.1,RIBU ORANG,2019
250,32,JAWA BARAT,3207,KABUPATEN CIAMIS,1195.2,RIBU ORANG,2019
251,32,JAWA BARAT,3208,KABUPATEN KUNINGAN,1080.8,RIBU ORANG,2019
252,32,JAWA BARAT,3209,KABUPATEN CIREBON,2192.9,RIBU ORANG,2019
253,32,JAWA BARAT,3210,KABUPATEN MAJALENGKA,1205.0,RIBU ORANG,2019
254,32,JAWA BARAT,3211,KABUPATEN SUMEDANG,1152.4,RIBU ORANG,2019
255,32,JAWA BARAT,3212,KABUPATEN INDRAMAYU,1728.5,RIBU ORANG,2019
256,32,JAWA BARAT,3213,KABUPATEN SUBANG,1595.8,RIBU ORANG,2019
257,32,JAWA BARAT,3214,KABUPATEN PURWAKARTA,962.9,RIBU ORANG,2019
258,32,JAWA BARAT,3215,KABUPATEN KARAWANG,2353.9,RIBU ORANG,2019
259,32,JAWA BARAT,3216,KABUPATEN BEKASI,3763.9,RIBU ORANG,2019
260,32,JAWA BARAT,3217,KABUPATEN BANDUNG BARAT,1699.9,RIBU ORANG,2019
261,32,JAWA BARAT,3218,KABUPATEN PANGANDARAN,399.3,RIBU ORANG,2019
262,32,JAWA BARAT,3271,KOTA BOGOR,1112.1,RIBU ORANG,2019
263,32,JAWA BARAT,3272,KOTA SUKABUMI,328.7,RIBU ORANG,2019
264,32,JAWA BARAT,3273,KOTA BANDUNG,2507.9,RIBU ORANG,2019
265,32,JAWA BARAT,3274,KOTA CIREBON,319.3,RIBU ORANG,2019
266,32,JAWA BARAT,3275,KOTA BEKASI,3003.9,RIBU ORANG,2019
267,32,JAWA BARAT,3276,KOTA DEPOK,2406.8,RIBU ORANG,2019
268,32,JAWA BARAT,3277,KOTA CIMAHI,614.3,RIBU ORANG,2019
269,32,JAWA BARAT,3278,KOTA TASIKMALAYA,663.5,RIBU ORANG,2019
270,32,JAWA BARAT,3279,KOTA BANJAR,183.1,RIBU ORANG,2019
271,32,JAWA BARAT,3201,KABUPATEN BOGOR,5409.37,RIBU ORANG,2020
272,32,JAWA BARAT,3202,KABUPATEN SUKABUMI,2718.74,RIBU ORANG,2020
273,32,JAWA BARAT,3203,KABUPATEN CIANJUR,2470.56,RIBU ORANG,2020
274,32,JAWA BARAT,3204,KABUPATEN BANDUNG,3616.54,RIBU ORANG,2020
275,32,JAWA BARAT,3205,KABUPATEN GARUT,2577.35,RIBU ORANG,2020
276,32,JAWA BARAT,3206,KABUPATEN TASIKMALAYA,1861.06,RIBU ORANG,2020
277,32,JAWA BARAT,3207,KABUPATEN CIAMIS,1226.05,RIBU ORANG,2020
278,32,JAWA BARAT,3208,KABUPATEN KUNINGAN,1162.59,RIBU ORANG,2020
279,32,JAWA BARAT,3209,KABUPATEN CIREBON,2270.35,RIBU ORANG,2020
280,32,JAWA BARAT,3210,KABUPATEN MAJALENGKA,1301.57,RIBU ORANG,2020
281,32,JAWA BARAT,3211,KABUPATEN SUMEDANG,1149.47,RIBU ORANG,2020
282,32,JAWA BARAT,3212,KABUPATEN INDRAMAYU,1829.23,RIBU ORANG,2020
283,32,JAWA BARAT,3213,KABUPATEN SUBANG,1605.25,RIBU ORANG,2020
284,32,JAWA BARAT,3214,KABUPATEN PURWAKARTA,994.33,RIBU ORANG,2020
285,32,JAWA BARAT,3215,KABUPATEN KARAWANG,2434.09,RIBU ORANG,2020
286,32,JAWA BARAT,3216,KABUPATEN BEKASI,3101.73,RIBU ORANG,2020
287,32,JAWA BARAT,3217,KABUPATEN BANDUNG BARAT,1782.19,RIBU ORANG,2020
288,32,JAWA BARAT,3218,KABUPATEN PANGANDARAN,422.41,RIBU ORANG,2020
289,32,JAWA BARAT,3271,KOTA BOGOR,1040.57,RIBU ORANG,2020
290,32,JAWA BARAT,3272,KOTA SUKABUMI,344.83,RIBU ORANG,2020
291,32,JAWA BARAT,3273,KOTA BANDUNG,2438.35,RIBU ORANG,2020
292,32,JAWA BARAT,3274,KOTA CIREBON,332.58,RIBU ORANG,2020
293,32,JAWA BARAT,3275,KOTA BEKASI,2536.12,RIBU ORANG,2020
294,32,JAWA BARAT,3276,KOTA DEPOK,2046.83,RIBU ORANG,2020
295,32,JAWA BARAT,3277,KOTA CIMAHI,566.17,RIBU ORANG,2020
296,32,JAWA BARAT,3278,KOTA TASIKMALAYA,713.67,RIBU ORANG,2020
297,32,JAWA BARAT,3279,KOTA BANJAR,200.27,RIBU ORANG,2020
298,32,JAWA BARAT,3201,KABUPATEN BOGOR,5484.15,RIBU ORANG,2021
299,32,JAWA BARAT,3202,KABUPATEN SUKABUMI,2747.45,RIBU ORANG,2021
300,32,JAWA BARAT,3203,KABUPATEN CIANJUR,2500.64,RIBU ORANG,2021
301,32,JAWA BARAT,3204,KABUPATEN BANDUNG,3652.4,RIBU ORANG,2021
302,32,JAWA BARAT,3205,KABUPATEN GARUT,2613.53,RIBU ORANG,2021
303,32,JAWA BARAT,3206,KABUPATEN TASIKMALAYA,1876.89,RIBU ORANG,2021
304,32,JAWA BARAT,3207,KABUPATEN CIAMIS,1234.83,RIBU ORANG,2021
305,32,JAWA BARAT,3208,KABUPATEN KUNINGAN,1175.95,RIBU ORANG,2021
306,32,JAWA BARAT,3209,KABUPATEN CIREBON,2301.33,RIBU ORANG,2021
307,32,JAWA BARAT,3210,KABUPATEN MAJALENGKA,1315.01,RIBU ORANG,2021
308,32,JAWA BARAT,3211,KABUPATEN SUMEDANG,1159.26,RIBU ORANG,2021
309,32,JAWA BARAT,3212,KABUPATEN INDRAMAYU,1851.73,RIBU ORANG,2021
310,32,JAWA BARAT,3213,KABUPATEN SUBANG,1620.7,RIBU ORANG,2021
311,32,JAWA BARAT,3214,KABUPATEN PURWAKARTA,1008.93,RIBU ORANG,2021
312,32,JAWA BARAT,3215,KABUPATEN KARAWANG,2465.57,RIBU ORANG,2021
313,32,JAWA BARAT,3216,KABUPATEN BEKASI,3148.74,RIBU ORANG,2021
314,32,JAWA BARAT,3217,KABUPATEN BANDUNG BARAT,1808.42,RIBU ORANG,2021
315,32,JAWA BARAT,3218,KABUPATEN PANGANDARAN,425.59,RIBU ORANG,2021
316,32,JAWA BARAT,3271,KOTA BOGOR,1050.92,RIBU ORANG,2021
317,32,JAWA BARAT,3272,KOTA SUKABUMI,350.15,RIBU ORANG,2021
318,32,JAWA BARAT,3273,KOTA BANDUNG,2461.41,RIBU ORANG,2021
319,32,JAWA BARAT,3274,KOTA CIREBON,335.81,RIBU ORANG,2021
320,32,JAWA BARAT,3275,KOTA BEKASI,2568.02,RIBU ORANG,2021
321,32,JAWA BARAT,3276,KOTA DEPOK,2081.13,RIBU ORANG,2021
322,32,JAWA BARAT,3277,KOTA CIMAHI,574.45,RIBU ORANG,2021
323,32,JAWA BARAT,3278,KOTA TASIKMALAYA,723.1,RIBU ORANG,2021
324,32,JAWA BARAT,3279,KOTA BANJAR,202.72,RIBU ORANG,2021
325,32,JAWA BARAT,3201,KABUPATEN BOGOR,5556.31,RIBU ORANG,2022
326,32,JAWA BARAT,3202,KABUPATEN SUKABUMI,2775.31,RIBU ORANG,2022
327,32,JAWA BARAT,3203,KABUPATEN CIANJUR,2529.81,RIBU ORANG,2022
328,32,JAWA BARAT,3204,KABUPATEN BANDUNG,3687.25,RIBU ORANG,2022
329,32,JAWA BARAT,3205,KABUPATEN GARUT,2648.95,RIBU ORANG,2022
330,32,JAWA BARAT,3206,KABUPATEN TASIKMALAYA,1892.22,RIBU ORANG,2022
331,32,JAWA BARAT,3207,KABUPATEN CIAMIS,1243.32,RIBU ORANG,2022
332,32,JAWA BARAT,3208,KABUPATEN KUNINGAN,1189.01,RIBU ORANG,2022
333,32,JAWA BARAT,3209,KABUPATEN CIREBON,2331.36,RIBU ORANG,2022
334,32,JAWA BARAT,3210,KABUPATEN MAJALENGKA,1328.01,RIBU ORANG,2022
335,32,JAWA BARAT,3211,KABUPATEN SUMEDANG,1168.84,RIBU ORANG,2022
336,32,JAWA BARAT,3212,KABUPATEN INDRAMAYU,1873.4,RIBU ORANG,2022
337,32,JAWA BARAT,3213,KABUPATEN SUBANG,1635.56,RIBU ORANG,2022
338,32,JAWA BARAT,3214,KABUPATEN PURWAKARTA,1023.18,RIBU ORANG,2022
339,32,JAWA BARAT,3215,KABUPATEN KARAWANG,2496.19,RIBU ORANG,2022
340,32,JAWA BARAT,3216,KABUPATEN BEKASI,3193.84,RIBU ORANG,2022
341,32,JAWA BARAT,3217,KABUPATEN BANDUNG BARAT,1834.23,RIBU ORANG,2022
342,32,JAWA BARAT,3218,KABUPATEN PANGANDARAN,428.6,RIBU ORANG,2022
343,32,JAWA BARAT,3271,KOTA BOGOR,1060.94,RIBU ORANG,2022
344,32,JAWA BARAT,3272,KOTA SUKABUMI,355.42,RIBU ORANG,2022
345,32,JAWA BARAT,3273,KOTA BANDUNG,2484.15,RIBU ORANG,2022
346,32,JAWA BARAT,3274,KOTA CIREBON,338.94,RIBU ORANG,2022
347,32,JAWA BARAT,3275,KOTA BEKASI,2598.07,RIBU ORANG,2022
348,32,JAWA BARAT,3276,KOTA DEPOK,2113.62,RIBU ORANG,2022
349,32,JAWA BARAT,3277,KOTA CIMAHI,582.65,RIBU ORANG,2022
350,32,JAWA BARAT,3278,KOTA TASIKMALAYA,732.48,RIBU ORANG,2022
351,32,JAWA BARAT,3279,KOTA BANJAR,205.14,RIBU ORANG,2022
352,32,JAWA BARAT,3201,KABUPATEN BOGOR,5627.02,RIBU ORANG,2023
353,32,JAWA BARAT,3202,KABUPATEN SUKABUMI,2802.4,RIBU ORANG,2023
354,32,JAWA BARAT,3203,KABUPATEN CIANJUR,2558.14,RIBU ORANG,2023
355,32,JAWA BARAT,3204,KABUPATEN BANDUNG,3721.11,RIBU ORANG,2023
356,32,JAWA BARAT,3205,KABUPATEN GARUT,2683.67,RIBU ORANG,2023
357,32,JAWA BARAT,3206,KABUPATEN TASIKMALAYA,1907.05,RIBU ORANG,2023
358,32,JAWA BARAT,3207,KABUPATEN CIAMIS,1251.54,RIBU ORANG,2023
359,32,JAWA BARAT,3208,KABUPATEN KUNINGAN,1201.76,RIBU ORANG,2023
360,32,JAWA BARAT,3209,KABUPATEN CIREBON,2360.44,RIBU ORANG,2023
361,32,JAWA BARAT,3210,KABUPATEN MAJALENGKA,1340.62,RIBU ORANG,2023
362,32,JAWA BARAT,3211,KABUPATEN SUMEDANG,1178.24,RIBU ORANG,2023
363,32,JAWA BARAT,3212,KABUPATEN INDRAMAYU,1894.33,RIBU ORANG,2023
364,32,JAWA BARAT,3213,KABUPATEN SUBANG,1649.82,RIBU ORANG,2023
365,32,JAWA BARAT,3214,KABUPATEN PURWAKARTA,1037.07,RIBU ORANG,2023
366,32,JAWA BARAT,3215,KABUPATEN KARAWANG,2526.0,RIBU ORANG,2023
367,32,JAWA BARAT,3216,KABUPATEN BEKASI,3237.42,RIBU ORANG,2023
368,32,JAWA BARAT,3217,KABUPATEN BANDUNG BARAT,1859.64,RIBU ORANG,2023
369,32,JAWA BARAT,3218,KABUPATEN PANGANDARAN,431.46,RIBU ORANG,2023
370,32,JAWA BARAT,3271,KOTA BOGOR,1070.72,RIBU ORANG,2023
371,32,JAWA BARAT,3272,KOTA SUKABUMI,360.64,RIBU ORANG,2023
372,32,JAWA BARAT,3273,KOTA BANDUNG,2506.6,RIBU ORANG,2023
373,32,JAWA BARAT,3274,KOTA CIREBON,341.98,RIBU ORANG,2023
374,32,JAWA BARAT,3275,KOTA BEKASI,2627.21,RIBU ORANG,2023
375,32,JAWA BARAT,3276,KOTA DEPOK,2145.4,RIBU ORANG,2023
376,32,JAWA BARAT,3277,KOTA CIMAHI,590.78,RIBU ORANG,2023
377,32,JAWA BARAT,3278,KOTA TASIKMALAYA,741.76,RIBU ORANG,2023
378,32,JAWA BARAT,3279,KOTA BANJAR,207.51,RIBU ORANG,2023
379,32,JAWA BARAT,3201,KABUPATEN BOGOR,5682.3,RIBU ORANG,2024
380,32,JAWA BARAT,3202,KABUPATEN SUKABUMI,2828.02,RIBU ORANG,2024
381,32,JAWA BARAT,3203,KABUPATEN CIANJUR,2584.99,RIBU ORANG,2024
382,32,JAWA BARAT,3204,KABUPATEN BANDUNG,3753.12,RIBU ORANG,2024
383,32,JAWA BARAT,3205,KABUPATEN GARUT,2716.95,RIBU ORANG,2024
384,32,JAWA BARAT,3206,KABUPATEN TASIKMALAYA,1920.92,RIBU ORANG,2024
385,32,JAWA BARAT,3207,KABUPATEN CIAMIS,1259.23,RIBU ORANG,2024
386,32,JAWA BARAT,3208,KABUPATEN KUNINGAN,1213.93,RIBU ORANG,2024
387,32,JAWA BARAT,3209,KABUPATEN CIREBON,2387.96,RIBU ORANG,2024
388,32,JAWA BARAT,3210,KABUPATEN MAJALENGKA,1352.54,RIBU ORANG,2024
389,32,JAWA BARAT,3211,KABUPATEN SUMEDANG,1187.13,RIBU ORANG,2024
390,32,JAWA BARAT,3212,KABUPATEN INDRAMAYU,1914.04,RIBU ORANG,2024
391,32,JAWA BARAT,3213,KABUPATEN SUBANG,1663.16,RIBU ORANG,2024
392,32,JAWA BARAT,3214,KABUPATEN PURWAKARTA,1050.34,RIBU ORANG,2024
393,32,JAWA BARAT,3215,KABUPATEN KARAWANG,2554.38,RIBU ORANG,2024
394,32,JAWA BARAT,3216,KABUPATEN BEKASI,3273.87,RIBU ORANG,2024
395,32,JAWA BARAT,3217,KABUPATEN BANDUNG BARAT,1884.19,RIBU ORANG,2024
396,32,JAWA BARAT,3218,KABUPATEN PANGANDARAN,434.1,RIBU ORANG,2024
397,32,JAWA BARAT,3271,KOTA BOGOR,1078.35,RIBU ORANG,2024
398,32,JAWA BARAT,3272,KOTA SUKABUMI,365.74,RIBU ORANG,2024
399,32,JAWA BARAT,3273,KOTA BANDUNG,2528.16,RIBU ORANG,2024
400,32,JAWA BARAT,3274,KOTA CIREBON,344.85,RIBU ORANG,2024
401,32,JAWA BARAT,3275,KOTA BEKASI,2644.06,RIBU ORANG,2024
402,32,JAWA BARAT,3276,KOTA DEPOK,2163.64,RIBU ORANG,2024
403,32,JAWA BARAT,3277,KOTA CIMAHI,598.7,RIBU ORANG,2024
404,32,JAWA BARAT,3278,KOTA TASIKMALAYA,750.73,RIBU ORANG,2024
405,32,JAWA BARAT,3279,KOTA BANJAR,209.79,RIBU ORANG,2024
406,32,JAWA BARAT,3201,KABUPATEN BOGOR,5721.62,RIBU ORANG,2025
407,32,JAWA BARAT,3202,KABUPATEN SUKABUMI,2852.11,RIBU ORANG,2025
408,32,JAWA BARAT,3203,KABUPATEN CIANJUR,2610.32,RIBU ORANG,2025
409,32,JAWA BARAT,3204,KABUPATEN BANDUNG,3783.21,RIBU ORANG,2025
410,32,JAWA BARAT,3205,KABUPATEN GARUT,2748.7,RIBU ORANG,2025
411,32,JAWA BARAT,3206,KABUPATEN TASIKMALAYA,1933.81,RIBU ORANG,2025
412,32,JAWA BARAT,3207,KABUPATEN CIAMIS,1266.33,RIBU ORANG,2025
413,32,JAWA BARAT,3208,KABUPATEN KUNINGAN,1225.49,RIBU ORANG,2025
414,32,JAWA BARAT,3209,KABUPATEN CIREBON,2413.81,RIBU ORANG,2025
415,32,JAWA BARAT,3210,KABUPATEN MAJALENGKA,1363.76,RIBU ORANG,2025
416,32,JAWA BARAT,3211,KABUPATEN SUMEDANG,1195.53,RIBU ORANG,2025
417,32,JAWA BARAT,3212,KABUPATEN INDRAMAYU,1932.52,RIBU ORANG,2025
418,32,JAWA BARAT,3213,KABUPATEN SUBANG,1675.52,RIBU ORANG,2025
419,32,JAWA BARAT,3214,KABUPATEN PURWAKARTA,1062.97,RIBU ORANG,2025
420,32,JAWA BARAT,3215,KABUPATEN KARAWANG,2581.25,RIBU ORANG,2025
421,32,JAWA BARAT,3216,KABUPATEN BEKASI,3303.02,RIBU ORANG,2025
422,32,JAWA BARAT,3217,KABUPATEN BANDUNG BARAT,1907.82,RIBU ORANG,2025
423,32,JAWA BARAT,3218,KABUPATEN PANGANDARAN,436.49,RIBU ORANG,2025
424,32,JAWA BARAT,3271,KOTA BOGOR,1083.78,RIBU ORANG,2025
425,32,JAWA BARAT,3272,KOTA SUKABUMI,370.68,RIBU ORANG,2025
426,32,JAWA BARAT,3273,KOTA BANDUNG,2548.78,RIBU ORANG,2025
427,32,JAWA BARAT,3274,KOTA CIREBON,347.54,RIBU ORANG,2025
428,32,JAWA BARAT,3275,KOTA BEKASI,2648.27,RIBU ORANG,2025
429,32,JAWA BARAT,3276,KOTA DEPOK,2167.96,RIBU ORANG,2025
430,32,JAWA BARAT,3277,KOTA CIMAHI,606.38,RIBU ORANG,2025
431,32,JAWA BARAT,3278,KOTA TASIKMALAYA,759.37,RIBU ORANG,2025
432,32,JAWA BARAT,3279,KOTA BANJAR,211.96,RIBU ORANG,2025
