id,kemendagri_provinsi_kode,kemendagri_kota_kode,kemendagri_kecamatan_kode,kemendagri_provinsi_nama,kemendagri_kota_nama,kemendagri_kecamatan_nama,bps_provinsi_kode,bps_kota_kode,bps_kecamatan_kode,bps_provinsi_nama,bps_kota_nama,bps_kecamatan_nama,latitude,longitude,kode_pos,status_adm
1,32,32.01,32.01.01,JAWA BARAT,KAB. BOGOR,CIBINONG,32,3201,3201210,JAWA BARAT,KABUPATEN BOGOR,CIBINONG,-6.47891,106.845,16911.0,
2,32,32.01,32.01.02,JAWA BARAT,KAB. BOGOR,GUNUNG PUTRI,32,3201,3201190,JAWA BARAT,KABUPATEN BOGOR,GUNUNG PUTRI,-6.46461,106.8916,16961.0,
3,32,32.01,32.01.03,JAWA BARAT,KAB. BOGOR,CITEUREUP,32,3201,3201200,JAWA BARAT,KABUPATEN BOGOR,CITEUREUP,-6.47602,106.89325,16811.0,
4,32,32.01,32.01.04,JAWA BARAT,KAB. BOGOR,SUKARAJA,32,3201,3201130,JAWA BARAT,KABUPATEN BOGOR,SUKARAJA,-6.60083,106.83876,16719.0,
5,32,32.01,32.01.05,JAWA BARAT,KAB. BOGOR,BABAKAN MADANG,32,3201,3201140,JAWA BARAT,KABUPATEN BOGOR,BABAKAN MADANG,-6.5641,106.86545,16861.0,
6,32,32.01,32.01.06,JAWA BARAT,KAB. BOGOR,JONGGOL,32,3201,3201170,JAWA BARAT,KABUPATEN BOGOR,JONGGOL,-6.47003,107.07162,16831.0,
7,32,32.01,32.01.07,JAWA BARAT,KAB. BOGOR,CILEUNGSI,32,3201,3201180,JAWA BARAT,KABUPATEN BOGOR,CILEUNGSI,-6.72555,106.89283,16725.0,
8,32,32.01,32.01.08,JAWA BARAT,KAB. BOGOR,CARIU,32,3201,3201160,JAWA BARAT,KABUPATEN BOGOR,CARIU,-6.50349,107.13281,16841.0,
9,32,32.01,32.01.09,JAWA BARAT,KAB. BOGOR,SUKAMAKMUR,32,3201,3201150,JAWA BARAT,KABUPATEN BOGOR,SUKAMAKMUR,-6.56618,106.99458,16881.0,
10,32,32.01,32.01.10,JAWA BARAT,KAB. BOGOR,PARUNG,32,3201,3201240,JAWA BARAT,KABUPATEN BOGOR,PARUNG,-6.42286,106.73249,16331.0,
11,32,32.01,32.01.11,JAWA BARAT,KAB. BOGOR,GUNUNG SINDUR,32,3201,3201250,JAWA BARAT,KABUPATEN BOGOR,GUNUNG SINDUR,-6.38542,106.67251,16341.0,
12,32,32.01,32.01.12,JAWA BARAT,KAB. BOGOR,KEMANG,32,3201,3201230,JAWA BARAT,KABUPATEN BOGOR,KEMANG,-6.50345,106.74789,16311.0,
13,32,32.01,32.01.13,JAWA BARAT,KAB. BOGOR,BOJONG GEDE,32,3201,3201220,JAWA BARAT,KABUPATEN BOGOR,BOJONG GEDE,-6.50511,106.79551,16925.0,
14,32,32.01,32.01.14,JAWA BARAT,KAB. BOGOR,LEUWILIANG,32,3201,3201020,JAWA BARAT,KABUPATEN BOGOR,LEUWILIANG,-6.56725,106.62984,16641.0,
15,32,32.01,32.01.15,JAWA BARAT,KAB. BOGOR,CIAMPEA,32,3201,3201050,JAWA BARAT,KABUPATEN BOGOR,CIAMPEA,-6.53614,106.68695,16625.0,
16,32,32.01,32.01.16,JAWA BARAT,KAB. BOGOR,CIBUNGBULANG,32,3201,3201040,JAWA BARAT,KABUPATEN BOGOR,CIBUNGBULANG,-6.57614,106.66077,16630.0,
17,32,32.01,32.01.17,JAWA BARAT,KAB. BOGOR,PAMIJAHAN,32,3201,3201030,JAWA BARAT,KABUPATEN BOGOR,PAMIJAHAN,-6.64477,106.65103,16691.0,
18,32,32.01,32.01.18,JAWA BARAT,KAB. BOGOR,RUMPIN,32,3201,3201260,JAWA BARAT,KABUPATEN BOGOR,RUMPIN,-6.4362,106.64304,16351.0,
19,32,32.01,32.01.19,JAWA BARAT,KAB. BOGOR,JASINGA,32,3201,3201280,JAWA BARAT,KABUPATEN BOGOR,JASINGA,-6.4779,106.45662,16671.0,
20,32,32.01,32.01.20,JAWA BARAT,KAB. BOGOR,PARUNG PANJANG,32,3201,3201300,JAWA BARAT,KABUPATEN BOGOR,PARUNG PANJANG,-6.34946,106.56791,16361.0,
21,32,32.01,32.01.21,JAWA BARAT,KAB. BOGOR,NANGGUNG,32,3201,3201010,JAWA BARAT,KABUPATEN BOGOR,NANGGUNG,-6.61104,106.53025,16651.0,
22,32,32.01,32.01.22,JAWA BARAT,KAB. BOGOR,CIGUDEG,32,3201,3201270,JAWA BARAT,KABUPATEN BOGOR,CIGUDEG,-6.55413,106.53943,16661.0,
23,32,32.01,32.01.23,JAWA BARAT,KAB. BOGOR,TENJO,32,3201,3201290,JAWA BARAT,KABUPATEN BOGOR,TENJO,-6.3298,106.44792,16371.0,
24,32,32.01,32.01.24,JAWA BARAT,KAB. BOGOR,CIAWI,32,3201,3201100,JAWA BARAT,KABUPATEN BOGOR,CIAWI,-6.65657,106.85004,16721.0,
25,32,32.01,32.01.25,JAWA BARAT,KAB. BOGOR,CISARUA,32,3201,3201110,JAWA BARAT,KABUPATEN BOGOR,CISARUA,-6.6428,106.53847,16652.0,
26,32,32.01,32.01.26,JAWA BARAT,KAB. BOGOR,MEGAMENDUNG,32,3201,3201120,JAWA BARAT,KABUPATEN BOGOR,MEGAMENDUNG,-6.64747,106.95482,16771.0,
27,32,32.01,32.01.27,JAWA BARAT,KAB. BOGOR,CARINGIN,32,3201,3201090,JAWA BARAT,KABUPATEN BOGOR,CARINGIN,-6.7083,106.82229,16732.0,
28,32,32.01,32.01.28,JAWA BARAT,KAB. BOGOR,CIJERUK,32,3201,3201080,JAWA BARAT,KABUPATEN BOGOR,CIJERUK,-6.70689,106.77794,16782.0,
29,32,32.01,32.01.29,JAWA BARAT,KAB. BOGOR,CIOMAS,32,3201,3201070,JAWA BARAT,KABUPATEN BOGOR,CIOMAS,-6.41885,106.52661,16376.0,
30,32,32.01,32.01.30,JAWA BARAT,KAB. BOGOR,DRAMAGA,32,3201,3201060,JAWA BARAT,KABUPATEN BOGOR,DRAMAGA,-6.57421,106.7367,16681.0,
31,32,32.01,32.01.31,JAWA BARAT,KAB. BOGOR,TAMANSARI,32,3201,3201071,JAWA BARAT,KABUPATEN BOGOR,TAMANSARI,-6.66779,106.73557,16261.0,
32,32,32.01,32.01.32,JAWA BARAT,KAB. BOGOR,KLAPANUNGGAL,32,3201,3201181,JAWA BARAT,KABUPATEN BOGOR,KELAPA NUNGGAL,-6.44475,106.95205,16871.0,
33,32,32.01,32.01.33,JAWA BARAT,KAB. BOGOR,CISEENG,32,3201,3201241,JAWA BARAT,KABUPATEN BOGOR,CISEENG,-6.44755,106.68643,16387.0,
34,32,32.01,32.01.34,JAWA BARAT,KAB. BOGOR,RANCA BUNGUR,32,3201,3201231,JAWA BARAT,KABUPATEN BOGOR,RANCA BUNGUR,-6.52739,106.69662,16251.0,
35,32,32.01,32.01.35,JAWA BARAT,KAB. BOGOR,SUKAJAYA,32,3201,3201271,JAWA BARAT,KABUPATEN BOGOR,SUKAJAYA,-6.55617,107.01556,16836.0,
36,32,32.01,32.01.36,JAWA BARAT,KAB. BOGOR,TANJUNGSARI,32,3201,3201161,JAWA BARAT,KABUPATEN BOGOR,TANJUNGSARI,-6.60148,107.1478,16855.0,
37,32,32.01,32.01.37,JAWA BARAT,KAB. BOGOR,TAJURHALANG,32,3201,3201221,JAWA BARAT,KABUPATEN BOGOR,TAJUR HALANG,-6.68498,106.76962,16788.0,
38,32,32.01,32.01.38,JAWA BARAT,KAB. BOGOR,CIGOMBONG,32,3201,3201081,JAWA BARAT,KABUPATEN BOGOR,CIGOMBONG,-6.74149,106.80293,16741.0,
39,32,32.01,32.01.39,JAWA BARAT,KAB. BOGOR,LEUWISADENG,32,3201,3201021,JAWA BARAT,KABUPATEN BOGOR,LEUWISADENG,-6.58672,106.6004,16281.0,
40,32,32.01,32.01.40,JAWA BARAT,KAB. BOGOR,TENJOLAYA,32,3201,3201051,JAWA BARAT,KABUPATEN BOGOR,TENJOLAYA,-6.65094,106.70601,16273.0,
41,32,32.02,32.02.01,JAWA BARAT,KAB. SUKABUMI,PALABUHANRATU,32,3202,3202110,JAWA BARAT,KABUPATEN SUKABUMI,PALABUHANRATU,-6.99001,106.55266,43311.0,
42,32,32.02,32.02.02,JAWA BARAT,KAB. SUKABUMI,SIMPENAN,32,3202,3202111,JAWA BARAT,KABUPATEN SUKABUMI,SIMPENAN,-7.09629,106.59284,43361.0,
43,32,32.02,32.02.03,JAWA BARAT,KAB. SUKABUMI,CIKAKAK,32,3202,3202291,JAWA BARAT,KABUPATEN SUKABUMI,CIKAKAK,-6.96448,106.51224,43365.0,
44,32,32.02,32.02.04,JAWA BARAT,KAB. SUKABUMI,BANTARGADUNG,32,3202,3202121,JAWA BARAT,KABUPATEN SUKABUMI,BANTARGADUNG,-6.9905,106.67181,43363.0,
45,32,32.02,32.02.05,JAWA BARAT,KAB. SUKABUMI,CISOLOK,32,3202,3202290,JAWA BARAT,KABUPATEN SUKABUMI,CISOLOK,-6.93472,106.47077,43366.0,
46,32,32.02,32.02.06,JAWA BARAT,KAB. SUKABUMI,CIKIDANG,32,3202,3202280,JAWA BARAT,KABUPATEN SUKABUMI,CIKIDANG,-6.90084,106.63853,43367.0,
47,32,32.02,32.02.07,JAWA BARAT,KAB. SUKABUMI,LENGKONG,32,3202,3202100,JAWA BARAT,KABUPATEN SUKABUMI,LENGKONG,-7.13126,106.69263,43374.0,
48,32,32.02,32.02.08,JAWA BARAT,KAB. SUKABUMI,JAMPANGTENGAH,32,3202,3202130,JAWA BARAT,KABUPATEN SUKABUMI,JAMPANG TENGAH,-7.06525,106.79241,43371.0,
49,32,32.02,32.02.09,JAWA BARAT,KAB. SUKABUMI,WARUNGKIARA,32,3202,3202120,JAWA BARAT,KABUPATEN SUKABUMI,WARUNG KIARA,-6.97713,106.71986,43362.0,
50,32,32.02,32.02.10,JAWA BARAT,KAB. SUKABUMI,CIKEMBAR,32,3202,3202140,JAWA BARAT,KABUPATEN SUKABUMI,CIKEMBAR,-6.96301,106.79115,43347.0,
51,32,32.02,32.02.11,JAWA BARAT,KAB. SUKABUMI,CIBADAK,32,3202,3202210,JAWA BARAT,KABUPATEN SUKABUMI,CIBADAK,-7.18559,106.81719,43373.0,
52,32,32.02,32.02.12,JAWA BARAT,KAB. SUKABUMI,NAGRAK,32,3202,3202220,JAWA BARAT,KABUPATEN SUKABUMI,NAGRAK,-6.90538,106.88773,43342.0,
53,32,32.02,32.02.13,JAWA BARAT,KAB. SUKABUMI,PARUNGKUDA,32,3202,3202260,JAWA BARAT,KABUPATEN SUKABUMI,PARUNG KUDA,-6.84673,106.75991,43357.0,
54,32,32.02,32.02.14,JAWA BARAT,KAB. SUKABUMI,BOJONGGENTENG,32,3202,3202261,JAWA BARAT,KABUPATEN SUKABUMI,BOJONG GENTENG,-7.2961,106.62174,43378.0,
55,32,32.02,32.02.15,JAWA BARAT,KAB. SUKABUMI,PARAKANSALAK,32,3202,3202250,JAWA BARAT,KABUPATEN SUKABUMI,PARAKAN SALAK,-6.82777,106.7364,43355.0,
56,32,32.02,32.02.16,JAWA BARAT,KAB. SUKABUMI,CICURUG,32,3202,3202230,JAWA BARAT,KABUPATEN SUKABUMI,CICURUG,-6.77918,106.78488,43359.0,
57,32,32.02,32.02.17,JAWA BARAT,KAB. SUKABUMI,CIDAHU,32,3202,3202240,JAWA BARAT,KABUPATEN SUKABUMI,CIDAHU,-7.34984,106.60617,43372.0,
58,32,32.02,32.02.18,JAWA BARAT,KAB. SUKABUMI,KALAPANUNGGAL,32,3202,3202270,JAWA BARAT,KABUPATEN SUKABUMI,KALAPA NUNGGAL,-6.8315,106.66345,43354.0,
59,32,32.02,32.02.19,JAWA BARAT,KAB. SUKABUMI,KABANDUNGAN,32,3202,3202300,JAWA BARAT,KABUPATEN SUKABUMI,KABANDUNGAN,-6.78193,106.6395,43368.0,
60,32,32.02,32.02.20,JAWA BARAT,KAB. SUKABUMI,WALURAN,32,3202,3202021,JAWA BARAT,KABUPATEN SUKABUMI,WALURAN,-7.22126,106.59505,43375.0,
61,32,32.02,32.02.21,JAWA BARAT,KAB. SUKABUMI,JAMPANGKULON,32,3202,3202040,JAWA BARAT,KABUPATEN SUKABUMI,JAMPANG KULON,-7.26158,106.62708,43378.0,
62,32,32.02,32.02.22,JAWA BARAT,KAB. SUKABUMI,CIEMAS,32,3202,3202010,JAWA BARAT,KABUPATEN SUKABUMI,CIEMAS,-7.24096,106.52372,43377.0,
63,32,32.02,32.02.23,JAWA BARAT,KAB. SUKABUMI,KALIBUNDER,32,3202,3202050,JAWA BARAT,KABUPATEN SUKABUMI,KALI BUNDER,-6.90391,106.9375,43341.0,
64,32,32.02,32.02.24,JAWA BARAT,KAB. SUKABUMI,SURADE,32,3202,3202030,JAWA BARAT,KABUPATEN SUKABUMI,SURADE,-7.33958,106.56744,43379.0,
65,32,32.02,32.02.25,JAWA BARAT,KAB. SUKABUMI,CIBITUNG,32,3202,3202031,JAWA BARAT,KABUPATEN SUKABUMI,CIBITUNG,-7.35371,106.62436,43372.0,
66,32,32.02,32.02.26,JAWA BARAT,KAB. SUKABUMI,CIRACAP,32,3202,3202020,JAWA BARAT,KABUPATEN SUKABUMI,CIRACAP,-7.33204,106.52235,43376.0,
67,32,32.02,32.02.27,JAWA BARAT,KAB. SUKABUMI,GUNUNGGURUH,32,3202,3202201,JAWA BARAT,KABUPATEN SUKABUMI,GUNUNGGURUH,-6.95345,106.89254,43346.0,
68,32,32.02,32.02.28,JAWA BARAT,KAB. SUKABUMI,CICANTAYAN,32,3202,3202211,JAWA BARAT,KABUPATEN SUKABUMI,CICANTAYAN,-6.90191,106.84724,43345.0,
69,32,32.02,32.02.29,JAWA BARAT,KAB. SUKABUMI,CISAAT,32,3202,3202200,JAWA BARAT,KABUPATEN SUKABUMI,CISAAT,-6.90521,106.87642,43342.0,
70,32,32.02,32.02.30,JAWA BARAT,KAB. SUKABUMI,KADUDAMPIT,32,3202,3202190,JAWA BARAT,KABUPATEN SUKABUMI,KADUDAMPIT,-6.87048,106.91119,43343.0,
71,32,32.02,32.02.31,JAWA BARAT,KAB. SUKABUMI,CARINGIN,32,3202,3202212,JAWA BARAT,KABUPATEN SUKABUMI,CARINGIN,-6.96297,107.03372,43397.0,
72,32,32.02,32.02.32,JAWA BARAT,KAB. SUKABUMI,SUKABUMI,32,3202,3202180,JAWA BARAT,KABUPATEN SUKABUMI,SUKABUMI,-6.90391,106.9375,43341.0,
73,32,32.02,32.02.33,JAWA BARAT,KAB. SUKABUMI,SUKARAJA,32,3202,3202170,JAWA BARAT,KABUPATEN SUKABUMI,SUKARAJA,-6.91795,106.96317,43392.0,
74,32,32.02,32.02.34,JAWA BARAT,KAB. SUKABUMI,KEBONPEDES,32,3202,3202171,JAWA BARAT,KABUPATEN SUKABUMI,KEBONPEDES,-6.93499,106.97159,43394.0,
75,32,32.02,32.02.35,JAWA BARAT,KAB. SUKABUMI,CIREUNGHAS,32,3202,3202172,JAWA BARAT,KABUPATEN SUKABUMI,CIREUNGHAS,-6.94811,107.0196,43393.0,
76,32,32.02,32.02.36,JAWA BARAT,KAB. SUKABUMI,SUKALARANG,32,3202,3202173,JAWA BARAT,KABUPATEN SUKABUMI,SUKALARANG,-6.88306,107.00989,43391.0,
77,32,32.02,32.02.37,JAWA BARAT,KAB. SUKABUMI,PABUARAN,32,3202,3202090,JAWA BARAT,KABUPATEN SUKABUMI,PABUARAN,-7.20523,106.83467,43373.0,
78,32,32.02,32.02.38,JAWA BARAT,KAB. SUKABUMI,PURABAYA,32,3202,3202131,JAWA BARAT,KABUPATEN SUKABUMI,PURABAYA,-7.07834,106.88193,43387.0,
79,32,32.02,32.02.39,JAWA BARAT,KAB. SUKABUMI,NYALINDUNG,32,3202,3202150,JAWA BARAT,KABUPATEN SUKABUMI,NYALINDUNG,-7.03028,106.92564,43396.0,
80,32,32.02,32.02.40,JAWA BARAT,KAB. SUKABUMI,GEGERBITUNG,32,3202,3202160,JAWA BARAT,KABUPATEN SUKABUMI,GEGER BITUNG,-6.98248,107.02274,43397.0,
81,32,32.02,32.02.41,JAWA BARAT,KAB. SUKABUMI,SAGARANTEN,32,3202,3202080,JAWA BARAT,KABUPATEN SUKABUMI,SAGARANTEN,-7.2067,106.8817,43381.0,
82,32,32.02,32.02.42,JAWA BARAT,KAB. SUKABUMI,CURUGKEMBAR,32,3202,3202082,JAWA BARAT,KABUPATEN SUKABUMI,CURUGKEMBAR,-7.24047,106.97208,43382.0,
83,32,32.02,32.02.43,JAWA BARAT,KAB. SUKABUMI,CIDOLOG,32,3202,3202070,JAWA BARAT,KABUPATEN SUKABUMI,CIDOLOG,-7.32518,106.83434,43384.0,
84,32,32.02,32.02.44,JAWA BARAT,KAB. SUKABUMI,CIDADAP,32,3202,3202081,JAWA BARAT,KABUPATEN SUKABUMI,CIDADAP,-7.28539,106.94326,43383.0,
85,32,32.02,32.02.45,JAWA BARAT,KAB. SUKABUMI,TEGALBULEUD,32,3202,3202060,JAWA BARAT,KABUPATEN SUKABUMI,TEGAL BULEUD,-7.42565,106.74688,43386.0,
86,32,32.02,32.02.46,JAWA BARAT,KAB. SUKABUMI,CIMANGGU,32,3202,3202041,JAWA BARAT,KABUPATEN SUKABUMI,CIMANGGU,-6.95666,106.7704,43347.0,
87,32,32.02,32.02.47,JAWA BARAT,KAB. SUKABUMI,CIAMBAR,32,3202,3202221,JAWA BARAT,KABUPATEN SUKABUMI,CIAMBAR,-6.82768,107.12608,43212.0,
88,32,32.03,32.03.01,JAWA BARAT,KAB. CIANJUR,CIANJUR,32,3203,3203200,JAWA BARAT,KABUPATEN CIANJUR,CIANJUR,-6.81891,107.13056,43211.0,
89,32,32.03,32.03.02,JAWA BARAT,KAB. CIANJUR,WARUNGKONDANG,32,3203,3203130,JAWA BARAT,KABUPATEN CIANJUR,WARUNGKONDANG,-6.86794,107.10054,43261.0,
90,32,32.03,32.03.03,JAWA BARAT,KAB. CIANJUR,CIBEBER,32,3203,3203120,JAWA BARAT,KABUPATEN CIANJUR,CIBEBER,-6.92236,107.12313,43262.0,
91,32,32.03,32.03.04,JAWA BARAT,KAB. CIANJUR,CILAKU,32,3203,3203140,JAWA BARAT,KABUPATEN CIANJUR,CILAKU,-6.8704,107.12722,43285.0,
92,32,32.03,32.03.05,JAWA BARAT,KAB. CIANJUR,CIRANJANG,32,3203,3203170,JAWA BARAT,KABUPATEN CIANJUR,CIRANJANG,-6.81644,107.24989,43282.0,
93,32,32.03,32.03.06,JAWA BARAT,KAB. CIANJUR,BOJONGPICUNG,32,3203,3203160,JAWA BARAT,KABUPATEN CIANJUR,BOJONGPICUNG,-6.85288,107.26299,43283.0,
94,32,32.03,32.03.07,JAWA BARAT,KAB. CIANJUR,KARANGTENGAH,32,3203,3203190,JAWA BARAT,KABUPATEN CIANJUR,KARANGTENGAH,-7.27215,107.08148,43267.0,
95,32,32.03,32.03.08,JAWA BARAT,KAB. CIANJUR,MANDE,32,3203,3203180,JAWA BARAT,KABUPATEN CIANJUR,MANDE,-6.73287,107.24322,43292.0,
96,32,32.03,32.03.09,JAWA BARAT,KAB. CIANJUR,SUKALUYU,32,3203,3203150,JAWA BARAT,KABUPATEN CIANJUR,SUKALUYU,-7.28715,107.00315,43269.0,
97,32,32.03,32.03.10,JAWA BARAT,KAB. CIANJUR,PACET,32,3203,3203220,JAWA BARAT,KABUPATEN CIANJUR,PACET,-6.75703,107.03739,43253.0,
98,32,32.03,32.03.11,JAWA BARAT,KAB. CIANJUR,CUGENANG,32,3203,3203210,JAWA BARAT,KABUPATEN CIANJUR,CUGENANG,-6.80294,107.06594,43252.0,
99,32,32.03,32.03.12,JAWA BARAT,KAB. CIANJUR,CIKALONGKULON,32,3203,3203240,JAWA BARAT,KABUPATEN CIANJUR,CIKALONGKULON,-6.66448,107.20556,43291.0,
100,32,32.03,32.03.13,JAWA BARAT,KAB. CIANJUR,SUKARESMI,32,3203,3203230,JAWA BARAT,KABUPATEN CIANJUR,SUKARESMI,-6.73242,107.12749,43254.0,
101,32,32.03,32.03.14,JAWA BARAT,KAB. CIANJUR,SUKANAGARA,32,3203,3203090,JAWA BARAT,KABUPATEN CIANJUR,SUKANAGARA,-7.09847,107.13694,43264.0,
102,32,32.03,32.03.15,JAWA BARAT,KAB. CIANJUR,CAMPAKA,32,3203,3203110,JAWA BARAT,KABUPATEN CIANJUR,CAMPAKA,-6.89525,107.56687,40184.0,
103,32,32.03,32.03.16,JAWA BARAT,KAB. CIANJUR,TAKOKAK,32,3203,3203080,JAWA BARAT,KABUPATEN CIANJUR,TAKOKAK,-7.04832,106.99085,43265.0,
104,32,32.03,32.03.17,JAWA BARAT,KAB. CIANJUR,KADUPANDAK,32,3203,3203070,JAWA BARAT,KABUPATEN CIANJUR,KADUPANDAK,-7.22803,107.04484,43268.0,
105,32,32.03,32.03.18,JAWA BARAT,KAB. CIANJUR,PAGELARAN,32,3203,3203100,JAWA BARAT,KABUPATEN CIANJUR,PAGELARAN,-7.21112,107.1505,43266.0,
106,32,32.03,32.03.19,JAWA BARAT,KAB. CIANJUR,TANGGEUNG,32,3203,3203060,JAWA BARAT,KABUPATEN CIANJUR,TANGGEUNG,-7.27323,107.12539,43267.0,
107,32,32.03,32.03.20,JAWA BARAT,KAB. CIANJUR,CIBINONG,32,3203,3203050,JAWA BARAT,KABUPATEN CIANJUR,CIBINONG,-7.32356,107.12796,43271.0,
108,32,32.03,32.03.21,JAWA BARAT,KAB. CIANJUR,SINDANGBARANG,32,3203,3203020,JAWA BARAT,KABUPATEN CIANJUR,SINDANGBARANG,-7.4291,107.14748,43272.0,
109,32,32.03,32.03.22,JAWA BARAT,KAB. CIANJUR,AGRABINTA,32,3203,3203010,JAWA BARAT,KABUPATEN CIANJUR,AGRABINTA,-7.39381,106.89578,43273.0,
110,32,32.03,32.03.23,JAWA BARAT,KAB. CIANJUR,CIDAUN,32,3203,3203030,JAWA BARAT,KABUPATEN CIANJUR,CIDAUN,-7.38108,107.40577,43275.0,
111,32,32.03,32.03.24,JAWA BARAT,KAB. CIANJUR,NARINGGUL,32,3203,3203040,JAWA BARAT,KABUPATEN CIANJUR,NARINGGUL,-7.34614,107.3294,43274.0,
112,32,32.03,32.03.25,JAWA BARAT,KAB. CIANJUR,CAMPAKAMULYA,32,3203,3203111,JAWA BARAT,KABUPATEN CIANJUR,CAMPAKA MULYA,-7.06729,107.18306,43278.0,
113,32,32.03,32.03.26,JAWA BARAT,KAB. CIANJUR,CIKADU,32,3203,3203051,JAWA BARAT,KABUPATEN CIANJUR,CIKADU,-7.33798,107.25415,43276.0,
114,32,32.03,32.03.27,JAWA BARAT,KAB. CIANJUR,GEKBRONG,32,3203,3203131,JAWA BARAT,KABUPATEN CIANJUR,GEKBRONG,-6.85488,107.02592,43287.0,
115,32,32.03,32.03.28,JAWA BARAT,KAB. CIANJUR,CIPANAS,32,3203,3203221,JAWA BARAT,KABUPATEN CIANJUR,CIPANAS,-6.73616,107.04264,43255.0,
116,32,32.03,32.03.29,JAWA BARAT,KAB. CIANJUR,CIJATI,32,3203,3203071,JAWA BARAT,KABUPATEN CIANJUR,CIJATI,-7.26248,107.03227,43269.0,
117,32,32.03,32.03.30,JAWA BARAT,KAB. CIANJUR,LELES,32,3203,3203011,JAWA BARAT,KABUPATEN CIANJUR,LELES,-7.33067,107.02395,43277.0,
118,32,32.03,32.03.31,JAWA BARAT,KAB. CIANJUR,HAURWANGI,32,3203,3203161,JAWA BARAT,KABUPATEN CIANJUR,HAURWANGI,-6.83085,107.31376,43286.0,
119,32,32.03,32.03.32,JAWA BARAT,KAB. CIANJUR,PASIRKUDA,32,3203,3203061,JAWA BARAT,KABUPATEN CIANJUR,PASIRKUDA,-7.20424,107.22137,43279.0,
120,32,32.04,32.04.05,JAWA BARAT,KAB. BANDUNG,CILEUNYI,32,3204,3204290,JAWA BARAT,KABUPATEN BANDUNG,CILEUNYI,-6.93284,107.7384,40393.0,
121,32,32.04,32.04.06,JAWA BARAT,KAB. BANDUNG,CIMENYAN,32,3204,3204310,JAWA BARAT,KABUPATEN BANDUNG,CIMENYAN,-6.84388,107.67387,40399.0,
122,32,32.04,32.04.07,JAWA BARAT,KAB. BANDUNG,CILENGKRANG,32,3204,3204300,JAWA BARAT,KABUPATEN BANDUNG,CILENGKRANG,-6.89431,107.72559,40392.0,
123,32,32.04,32.04.08,JAWA BARAT,KAB. BANDUNG,BOJONGSOANG,32,3204,3204280,JAWA BARAT,KABUPATEN BANDUNG,BOJONGSOANG,-6.98911,107.644,40354.0,
124,32,32.04,32.04.09,JAWA BARAT,KAB. BANDUNG,MARGAHAYU,32,3204,3204260,JAWA BARAT,KABUPATEN BANDUNG,MARGAHAYU,-7.22456,107.56378,40378.0,
125,32,32.04,32.04.10,JAWA BARAT,KAB. BANDUNG,MARGAASIH,32,3204,3204250,JAWA BARAT,KABUPATEN BANDUNG,MARGAASIH,-7.01309,107.84769,40395.0,
126,32,32.04,32.04.11,JAWA BARAT,KAB. BANDUNG,KATAPANG,32,3204,3204180,JAWA BARAT,KABUPATEN BANDUNG,KATAPANG,-7.00501,107.54629,40355.0,
127,32,32.04,32.04.12,JAWA BARAT,KAB. BANDUNG,DAYEUHKOLOT,32,3204,3204270,JAWA BARAT,KABUPATEN BANDUNG,DAYEUHKOLOT,-6.98702,107.6242,40353.0,
128,32,32.04,32.04.13,JAWA BARAT,KAB. BANDUNG,BANJARAN,32,3204,3204160,JAWA BARAT,KABUPATEN BANDUNG,BANJARAN,-7.04804,107.58895,21156.0,
129,32,32.04,32.04.14,JAWA BARAT,KAB. BANDUNG,PAMEUNGPEUK,32,3204,3204170,JAWA BARAT,KABUPATEN BANDUNG,PAMEUNGPEUK,-7.00393,107.59901,40376.0,
130,32,32.04,32.04.15,JAWA BARAT,KAB. BANDUNG,PANGALENGAN,32,3204,3204040,JAWA BARAT,KABUPATEN BANDUNG,PANGALENGAN,-7.17241,107.59943,40378.0,
131,32,32.04,32.04.16,JAWA BARAT,KAB. BANDUNG,ARJASARI,32,3204,3204150,JAWA BARAT,KABUPATEN BANDUNG,ARJASARI,-7.06233,107.64064,40379.0,
132,32,32.04,32.04.17,JAWA BARAT,KAB. BANDUNG,CIMAUNG,32,3204,3204030,JAWA BARAT,KABUPATEN BANDUNG,CIMAUNG,-7.09253,107.56162,40374.0,
133,32,32.04,32.04.25,JAWA BARAT,KAB. BANDUNG,CICALENGKA,32,3204,3204100,JAWA BARAT,KABUPATEN BANDUNG,CICALENGKA,-6.99365,107.84396,40395.0,
134,32,32.04,32.04.26,JAWA BARAT,KAB. BANDUNG,NAGREG,32,3204,3204101,JAWA BARAT,KABUPATEN BANDUNG,NAGREG,-6.91014,107.70713,40199.0,
135,32,32.04,32.04.27,JAWA BARAT,KAB. BANDUNG,CIKANCUNG,32,3204,3204090,JAWA BARAT,KABUPATEN BANDUNG,CIKANCUNG,-7.0169,107.82459,40396.0,
136,32,32.04,32.04.28,JAWA BARAT,KAB. BANDUNG,RANCAEKEK,32,3204,3204110,JAWA BARAT,KABUPATEN BANDUNG,RANCAEKEK,-6.94403,107.75704,40393.0,
137,32,32.04,32.04.29,JAWA BARAT,KAB. BANDUNG,CIPARAY,32,3204,3204130,JAWA BARAT,KABUPATEN BANDUNG,CIPARAY,-7.03089,107.72027,40381.0,
138,32,32.04,32.04.30,JAWA BARAT,KAB. BANDUNG,PACET,32,3204,3204060,JAWA BARAT,KABUPATEN BANDUNG,PACET,-7.09323,107.71397,40385.0,
139,32,32.04,32.04.31,JAWA BARAT,KAB. BANDUNG,KERTASARI,32,3204,3204050,JAWA BARAT,KABUPATEN BANDUNG,KERTASARI,-7.23823,107.65391,40386.0,
140,32,32.04,32.04.32,JAWA BARAT,KAB. BANDUNG,BALEENDAH,32,3204,3204140,JAWA BARAT,KABUPATEN BANDUNG,BALEENDAH,-7.00964,107.62705,40375.0,
141,32,32.04,32.04.33,JAWA BARAT,KAB. BANDUNG,MAJALAYA,32,3204,3204120,JAWA BARAT,KABUPATEN BANDUNG,MAJALAYA,-7.04579,107.75931,40382.0,
142,32,32.04,32.04.34,JAWA BARAT,KAB. BANDUNG,SOLOKANJERUK,32,3204,3204121,JAWA BARAT,KABUPATEN BANDUNG,SOLOKAN JERUK,-7.01212,107.73735,40387.0,
143,32,32.04,32.04.35,JAWA BARAT,KAB. BANDUNG,PASEH,32,3204,3204080,JAWA BARAT,KABUPATEN BANDUNG,PASEH,-7.02936,107.78713,40383.0,
144,32,32.04,32.04.36,JAWA BARAT,KAB. BANDUNG,IBUN,32,3204,3204070,JAWA BARAT,KABUPATEN BANDUNG,IBUN,-7.14239,107.78119,40384.0,
145,32,32.04,32.04.37,JAWA BARAT,KAB. BANDUNG,SOREANG,32,3204,3204190,JAWA BARAT,KABUPATEN BANDUNG,SOREANG,-7.03188,107.5367,40317.0,
146,32,32.04,32.04.38,JAWA BARAT,KAB. BANDUNG,PASIRJAMBU,32,3204,3204020,JAWA BARAT,KABUPATEN BANDUNG,PASIRJAMBU,-7.09117,107.47865,40364.0,
147,32,32.04,32.04.39,JAWA BARAT,KAB. BANDUNG,CIWIDEY,32,3204,3204010,JAWA BARAT,KABUPATEN BANDUNG,CIWIDEY,-7.10097,107.45377,40362.0,
148,32,32.04,32.04.40,JAWA BARAT,KAB. BANDUNG,RANCABALI,32,3204,3204011,JAWA BARAT,KABUPATEN BANDUNG,RANCABALI,-7.1572,107.36647,40363.0,
149,32,32.04,32.04.44,JAWA BARAT,KAB. BANDUNG,CANGKUANG,32,3204,3204161,JAWA BARAT,KABUPATEN BANDUNG,CANGKUANG,-6.98232,107.79903,40394.0,
150,32,32.04,32.04.46,JAWA BARAT,KAB. BANDUNG,KUTAWARINGIN,32,3204,3204191,JAWA BARAT,KABUPATEN BANDUNG,KUTAWARINGIN,-7.00079,107.50371,40356.0,
151,32,32.05,32.05.01,JAWA BARAT,KAB. GARUT,GARUT KOTA,32,3205,3205190,JAWA BARAT,KABUPATEN GARUT,GARUT KOTA,-7.22914,107.90969,44112.0,
152,32,32.05,32.05.02,JAWA BARAT,KAB. GARUT,KARANGPAWITAN,32,3205,3205200,JAWA BARAT,KABUPATEN GARUT,KARANGPAWITAN,-7.20245,107.95914,44182.0,
153,32,32.05,32.05.03,JAWA BARAT,KAB. GARUT,WANARAJA,32,3205,3205210,JAWA BARAT,KABUPATEN GARUT,WANARAJA,-7.17459,107.97456,44183.0,
154,32,32.05,32.05.04,JAWA BARAT,KAB. GARUT,TAROGONG KALER,32,3205,3205182,JAWA BARAT,KABUPATEN GARUT,TAROGONG KALER,-7.18022,107.87473,44131.0,
155,32,32.05,32.05.05,JAWA BARAT,KAB. GARUT,TAROGONG KIDUL,32,3205,3205181,JAWA BARAT,KABUPATEN GARUT,TAROGONG KIDUL,-7.19049,107.89083,44126.0,
156,32,32.05,32.05.06,JAWA BARAT,KAB. GARUT,BANYURESMI,32,3205,3205230,JAWA BARAT,KABUPATEN GARUT,BANYURESMI,-7.14874,107.95168,44191.0,
157,32,32.05,32.05.07,JAWA BARAT,KAB. GARUT,SAMARANG,32,3205,3205170,JAWA BARAT,KABUPATEN GARUT,SAMARANG,-7.21814,107.83844,44161.0,
158,32,32.05,32.05.08,JAWA BARAT,KAB. GARUT,PASIRWANGI,32,3205,3205171,JAWA BARAT,KABUPATEN GARUT,PASIRWANGI,-7.21214,107.77597,44154.0,
159,32,32.05,32.05.09,JAWA BARAT,KAB. GARUT,LELES,32,3205,3205240,JAWA BARAT,KABUPATEN GARUT,LELES,-7.1066,107.89861,44152.0,
160,32,32.05,32.05.10,JAWA BARAT,KAB. GARUT,KADUNGORA,32,3205,3205280,JAWA BARAT,KABUPATEN GARUT,KADUNGORA,-7.06861,107.899,44153.0,
161,32,32.05,32.05.11,JAWA BARAT,KAB. GARUT,LEUWIGOONG,32,3205,3205250,JAWA BARAT,KABUPATEN GARUT,LEUWIGOONG,-7.09418,107.95843,44192.0,
162,32,32.05,32.05.12,JAWA BARAT,KAB. GARUT,CIBATU,32,3205,3205260,JAWA BARAT,KABUPATEN GARUT,CIBATU,-7.10564,107.97123,44185.0,
163,32,32.05,32.05.13,JAWA BARAT,KAB. GARUT,KERSAMANAH,32,3205,3205261,JAWA BARAT,KABUPATEN GARUT,KERSAMANAH,-7.05672,108.03487,44194.0,
164,32,32.05,32.05.14,JAWA BARAT,KAB. GARUT,MALANGBONG,32,3205,3205310,JAWA BARAT,KABUPATEN GARUT,MALANGBONG,-7.05263,108.08827,44188.0,
165,32,32.05,32.05.15,JAWA BARAT,KAB. GARUT,SUKAWENING,32,3205,3205220,JAWA BARAT,KABUPATEN GARUT,SUKAWENING,-7.14319,108.00011,44184.0,
166,32,32.05,32.05.16,JAWA BARAT,KAB. GARUT,KARANGTENGAH,32,3205,3205221,JAWA BARAT,KABUPATEN GARUT,KARANGTENGAH,-7.07463,107.89188,44153.0,
167,32,32.05,32.05.17,JAWA BARAT,KAB. GARUT,BAYONGBONG,32,3205,3205150,JAWA BARAT,KABUPATEN GARUT,BAYONGBONG,-7.26915,107.82268,44162.0,
168,32,32.05,32.05.18,JAWA BARAT,KAB. GARUT,CIGEDUG,32,3205,3205151,JAWA BARAT,KABUPATEN GARUT,CIGEDUG,-7.33313,107.80622,44156.0,
169,32,32.05,32.05.19,JAWA BARAT,KAB. GARUT,CILAWU,32,3205,3205140,JAWA BARAT,KABUPATEN GARUT,CILAWU,-7.27678,107.91959,44181.0,
170,32,32.05,32.05.20,JAWA BARAT,KAB. GARUT,CISURUPAN,32,3205,3205160,JAWA BARAT,KABUPATEN GARUT,CISURUPAN,-7.31534,107.79373,44163.0,
171,32,32.05,32.05.21,JAWA BARAT,KAB. GARUT,SUKARESMI,32,3205,3205161,JAWA BARAT,KABUPATEN GARUT,SUKARESMI,-7.26329,107.81856,44155.0,
172,32,32.05,32.05.22,JAWA BARAT,KAB. GARUT,CIKAJANG,32,3205,3205120,JAWA BARAT,KABUPATEN GARUT,CIKAJANG,-7.35707,107.80841,44171.0,
173,32,32.05,32.05.23,JAWA BARAT,KAB. GARUT,BANJARWANGI,32,3205,3205130,JAWA BARAT,KABUPATEN GARUT,BANJARWANGI,-7.43669,107.90441,44172.0,
174,32,32.05,32.05.24,JAWA BARAT,KAB. GARUT,SINGAJAYA,32,3205,3205110,JAWA BARAT,KABUPATEN GARUT,SINGAJAYA,-7.48268,107.90861,44173.0,
175,32,32.05,32.05.25,JAWA BARAT,KAB. GARUT,CIHURIP,32,3205,3205111,JAWA BARAT,KABUPATEN GARUT,CIHURIP,-7.49081,107.86382,44179.0,
176,32,32.05,32.05.26,JAWA BARAT,KAB. GARUT,PEUNDEUY,32,3205,3205100,JAWA BARAT,KABUPATEN GARUT,PEUNDEUY,-7.52999,107.91997,44178.0,
177,32,32.05,32.05.27,JAWA BARAT,KAB. GARUT,PAMEUNGPEUK,32,3205,3205070,JAWA BARAT,KABUPATEN GARUT,PAMEUNGPEUK,-7.64404,107.72468,44175.0,
178,32,32.05,32.05.28,JAWA BARAT,KAB. GARUT,CISOMPET,32,3205,3205090,JAWA BARAT,KABUPATEN GARUT,CISOMPET,-7.54407,107.81319,44174.0,
179,32,32.05,32.05.29,JAWA BARAT,KAB. GARUT,CIBALONG,32,3205,3205080,JAWA BARAT,KABUPATEN GARUT,CIBALONG,-7.68002,107.86117,44176.0,
180,32,32.05,32.05.30,JAWA BARAT,KAB. GARUT,CIKELET,32,3205,3205060,JAWA BARAT,KABUPATEN GARUT,CIKELET,-7.61935,107.6766,44177.0,
181,32,32.05,32.05.31,JAWA BARAT,KAB. GARUT,BUNGBULANG,32,3205,3205030,JAWA BARAT,KABUPATEN GARUT,BUNGBULANG,-7.45841,107.59789,44165.0,
182,32,32.05,32.05.32,JAWA BARAT,KAB. GARUT,MEKARMUKTI,32,3205,3205031,JAWA BARAT,KABUPATEN GARUT,MEKARMUKTI,-7.50285,107.57886,44199.0,
183,32,32.05,32.05.33,JAWA BARAT,KAB. GARUT,PAKENJENG,32,3205,3205050,JAWA BARAT,KABUPATEN GARUT,PAKENJENG,-7.37307,107.71285,44168.0,
184,32,32.05,32.05.34,JAWA BARAT,KAB. GARUT,PAMULIHAN,32,3205,3205040,JAWA BARAT,KABUPATEN GARUT,PAMULIHAN,-7.26383,107.7683,44163.0,
185,32,32.05,32.05.35,JAWA BARAT,KAB. GARUT,CISEWU,32,3205,3205010,JAWA BARAT,KABUPATEN GARUT,CISEWU,-7.36787,107.49769,44166.0,
186,32,32.05,32.05.36,JAWA BARAT,KAB. GARUT,CARINGIN,32,3205,3205011,JAWA BARAT,KABUPATEN GARUT,CARINGIN,-7.45874,107.50627,44169.0,
187,32,32.05,32.05.37,JAWA BARAT,KAB. GARUT,TALEGONG,32,3205,3205020,JAWA BARAT,KABUPATEN GARUT,TALEGONG,-7.29189,107.53261,44167.0,
188,32,32.05,32.05.38,JAWA BARAT,KAB. GARUT,BL. LIMBANGAN,32,3205,3205290,JAWA BARAT,KABUPATEN GARUT,BLUBUR LIMBANGAN,-7.04272,107.95989,44186.0,
189,32,32.05,32.05.39,JAWA BARAT,KAB. GARUT,SELAAWI,32,3205,3205300,JAWA BARAT,KABUPATEN GARUT,SELAAWI,-7.00587,108.02219,44187.0,
190,32,32.05,32.05.40,JAWA BARAT,KAB. GARUT,CIBIUK,32,3205,3205270,JAWA BARAT,KABUPATEN GARUT,CIBIUK,-7.0708,107.96242,44193.0,
191,32,32.05,32.05.41,JAWA BARAT,KAB. GARUT,PANGATIKAN,32,3205,3205212,JAWA BARAT,KABUPATEN GARUT,PANGATIKAN,-7.16099,107.99369,,
192,32,32.05,32.05.42,JAWA BARAT,KAB. GARUT,SUCINARAJA,32,3205,3205211,JAWA BARAT,KABUPATEN GARUT,SUCINARAJA,-7.18698,107.97441,44196.0,
193,32,32.06,32.06.01,JAWA BARAT,KAB. TASIKMALAYA,CIPATUJAH,32,3206,3206010,JAWA BARAT,KABUPATEN TASIKMALAYA,CIPATUJAH,-7.62816,108.10117,46487.0,
194,32,32.06,32.06.02,JAWA BARAT,KAB. TASIKMALAYA,KARANGNUNGGAL,32,3206,3206020,JAWA BARAT,KABUPATEN TASIKMALAYA,KARANGNUNGGAL,-7.6323,108.1325,46486.0,
195,32,32.06,32.06.03,JAWA BARAT,KAB. TASIKMALAYA,CIKALONG,32,3206,3206030,JAWA BARAT,KABUPATEN TASIKMALAYA,CIKALONG,-7.7583,108.17792,46495.0,
196,32,32.06,32.06.04,JAWA BARAT,KAB. TASIKMALAYA,PANCATENGAH,32,3206,3206040,JAWA BARAT,KABUPATEN TASIKMALAYA,PANCATENGAH,-7.65866,108.32592,46494.0,
197,32,32.06,32.06.05,JAWA BARAT,KAB. TASIKMALAYA,CIKATOMAS,32,3206,3206050,JAWA BARAT,KABUPATEN TASIKMALAYA,CIKATOMAS,-7.54453,108.28129,46492.0,
198,32,32.06,32.06.06,JAWA BARAT,KAB. TASIKMALAYA,CIBALONG,32,3206,3206060,JAWA BARAT,KABUPATEN TASIKMALAYA,CIBALONG,-7.51871,108.17677,46485.0,
199,32,32.06,32.06.07,JAWA BARAT,KAB. TASIKMALAYA,PARUNGPONTENG,32,3206,3206061,JAWA BARAT,KABUPATEN TASIKMALAYA,PARUNGPONTENG,-7.50074,108.15763,46476.0,
200,32,32.06,32.06.08,JAWA BARAT,KAB. TASIKMALAYA,BANTARKALONG,32,3206,3206070,JAWA BARAT,KABUPATEN TASIKMALAYA,BANTARKALONG,-7.66829,108.07478,46489.0,
201,32,32.06,32.06.09,JAWA BARAT,KAB. TASIKMALAYA,BOJONGASIH,32,3206,3206071,JAWA BARAT,KABUPATEN TASIKMALAYA,BOJONGASIH,-7.57702,108.14177,46477.0,
202,32,32.06,32.06.10,JAWA BARAT,KAB. TASIKMALAYA,CULAMEGA,32,3206,3206072,JAWA BARAT,KABUPATEN TASIKMALAYA,CULAMEGA,-7.58608,108.04372,46488.0,
203,32,32.06,32.06.11,JAWA BARAT,KAB. TASIKMALAYA,BOJONGGAMBIR,32,3206,3206080,JAWA BARAT,KABUPATEN TASIKMALAYA,BOJONGGAMBIR,-7.51543,107.97882,46475.0,
204,32,32.06,32.06.12,JAWA BARAT,KAB. TASIKMALAYA,SODONGHILIR,32,3206,3206090,JAWA BARAT,KABUPATEN TASIKMALAYA,SODONGHILIR,-7.47367,108.05853,46473.0,
205,32,32.06,32.06.13,JAWA BARAT,KAB. TASIKMALAYA,TARAJU,32,3206,3206100,JAWA BARAT,KABUPATEN TASIKMALAYA,TARAJU,-7.45736,107.97706,46474.0,
206,32,32.06,32.06.14,JAWA BARAT,KAB. TASIKMALAYA,SALAWU,32,3206,3206110,JAWA BARAT,KABUPATEN TASIKMALAYA,SALAWU,-7.36259,107.98588,46471.0,
207,32,32.06,32.06.15,JAWA BARAT,KAB. TASIKMALAYA,PUSPAHIANG,32,3206,3206111,JAWA BARAT,KABUPATEN TASIKMALAYA,PUSPAHIANG,-7.41001,108.05035,46472.0,
208,32,32.06,32.06.16,JAWA BARAT,KAB. TASIKMALAYA,TANJUNGJAYA,32,3206,3206120,JAWA BARAT,KABUPATEN TASIKMALAYA,TANJUNGJAYA,-7.38078,108.12385,46484.0,
209,32,32.06,32.06.17,JAWA BARAT,KAB. TASIKMALAYA,SUKARAJA,32,3206,3206130,JAWA BARAT,KABUPATEN TASIKMALAYA,SUKARAJA,-7.20908,108.17632,46455.0,
210,32,32.06,32.06.18,JAWA BARAT,KAB. TASIKMALAYA,SALOPA,32,3206,3206140,JAWA BARAT,KABUPATEN TASIKMALAYA,SALOPA,-7.49117,108.27255,46492.0,
211,32,32.06,32.06.19,JAWA BARAT,KAB. TASIKMALAYA,JATIWARAS,32,3206,3206141,JAWA BARAT,KABUPATEN TASIKMALAYA,JATIWARAS,-7.47987,108.21946,46491.0,
212,32,32.06,32.06.20,JAWA BARAT,KAB. TASIKMALAYA,CINEAM,32,3206,3206150,JAWA BARAT,KABUPATEN TASIKMALAYA,CINEAM,-7.39026,108.35616,46498.0,
213,32,32.06,32.06.21,JAWA BARAT,KAB. TASIKMALAYA,KARANG JAYA,32,3206,3206151,JAWA BARAT,KABUPATEN TASIKMALAYA,KARANGJAYA,-7.46556,108.40599,,
214,32,32.06,32.06.22,JAWA BARAT,KAB. TASIKMALAYA,MANONJAYA,32,3206,3206160,JAWA BARAT,KABUPATEN TASIKMALAYA,MANONJAYA,-7.3505,108.30551,46497.0,
215,32,32.06,32.06.23,JAWA BARAT,KAB. TASIKMALAYA,GUNUNG TANJUNG,32,3206,3206161,JAWA BARAT,KABUPATEN TASIKMALAYA,GUNUNGTANJUNG,-7.40719,108.28436,46496.0,
216,32,32.06,32.06.24,JAWA BARAT,KAB. TASIKMALAYA,SINGAPARNA,32,3206,3206190,JAWA BARAT,KABUPATEN TASIKMALAYA,SINGAPARNA,-7.34952,108.11296,46411.0,
217,32,32.06,32.06.25,JAWA BARAT,KAB. TASIKMALAYA,MANGUNREJA,32,3206,3206192,JAWA BARAT,KABUPATEN TASIKMALAYA,MANGUNREJA,-7.36839,108.09964,46462.0,
218,32,32.06,32.06.26,JAWA BARAT,KAB. TASIKMALAYA,SUKARAME,32,3206,3206191,JAWA BARAT,KABUPATEN TASIKMALAYA,SUKARAME,-7.35976,108.13362,46461.0,
219,32,32.06,32.06.27,JAWA BARAT,KAB. TASIKMALAYA,CIGALONTANG,32,3206,3206200,JAWA BARAT,KABUPATEN TASIKMALAYA,CIGALONTANG,-7.30938,108.00739,46463.0,
220,32,32.06,32.06.28,JAWA BARAT,KAB. TASIKMALAYA,LEUWISARI,32,3206,3206210,JAWA BARAT,KABUPATEN TASIKMALAYA,LEUWISARI,-7.34106,108.10955,46464.0,
221,32,32.06,32.06.29,JAWA BARAT,KAB. TASIKMALAYA,PADAKEMBANG,32,3206,3206212,JAWA BARAT,KABUPATEN TASIKMALAYA,PADAKEMBANG,-7.29372,108.10694,46466.0,
222,32,32.06,32.06.30,JAWA BARAT,KAB. TASIKMALAYA,SARIWANGI,32,3206,3206211,JAWA BARAT,KABUPATEN TASIKMALAYA,SARIWANGI,-7.32755,108.07686,46465.0,
223,32,32.06,32.06.31,JAWA BARAT,KAB. TASIKMALAYA,SUKARATU,32,3206,3206221,JAWA BARAT,KABUPATEN TASIKMALAYA,SUKARATU,-7.27521,108.13802,46452.0,
224,32,32.06,32.06.32,JAWA BARAT,KAB. TASIKMALAYA,CISAYONG,32,3206,3206230,JAWA BARAT,KABUPATEN TASIKMALAYA,CISAYONG,-7.25756,108.15146,46453.0,
225,32,32.06,32.06.33,JAWA BARAT,KAB. TASIKMALAYA,SUKAHENING,32,3206,3206231,JAWA BARAT,KABUPATEN TASIKMALAYA,SUKAHENING,-7.20183,108.14117,46454.0,
226,32,32.06,32.06.34,JAWA BARAT,KAB. TASIKMALAYA,RAJAPOLAH,32,3206,3206240,JAWA BARAT,KABUPATEN TASIKMALAYA,RAJAPOLAH,-7.27837,108.19543,46137.0,
227,32,32.06,32.06.35,JAWA BARAT,KAB. TASIKMALAYA,JAMANIS,32,3206,3206250,JAWA BARAT,KABUPATEN TASIKMALAYA,JAMANIS,-7.18071,108.1489,46451.0,
228,32,32.06,32.06.36,JAWA BARAT,KAB. TASIKMALAYA,CIAWI,32,3206,3206260,JAWA BARAT,KABUPATEN TASIKMALAYA,CIAWI,-7.66798,108.12933,46486.0,
229,32,32.06,32.06.37,JAWA BARAT,KAB. TASIKMALAYA,KADIPATEN,32,3206,3206261,JAWA BARAT,KABUPATEN TASIKMALAYA,KADIPATEN,-7.1054,108.10441,46457.0,
230,32,32.06,32.06.38,JAWA BARAT,KAB. TASIKMALAYA,PAGERAGEUNG,32,3206,3206270,JAWA BARAT,KABUPATEN TASIKMALAYA,PAGERAGEUNG,-7.11246,108.16589,46458.0,
231,32,32.06,32.06.39,JAWA BARAT,KAB. TASIKMALAYA,SUKARESIK,32,3206,3206271,JAWA BARAT,KABUPATEN TASIKMALAYA,SUKARESIK,-7.15952,108.19301,46459.0,
232,32,32.07,32.07.01,JAWA BARAT,KAB. CIAMIS,CIAMIS,32,3207,3207210,JAWA BARAT,KABUPATEN CIAMIS,CIAMIS,-6.90871,107.60672,40113.0,
233,32,32.07,32.07.02,JAWA BARAT,KAB. CIAMIS,CIKONENG,32,3207,3207220,JAWA BARAT,KABUPATEN CIAMIS,CIKONENG,-7.31138,108.27379,46261.0,
234,32,32.07,32.07.03,JAWA BARAT,KAB. CIAMIS,CIJEUNGJING,32,3207,3207150,JAWA BARAT,KABUPATEN CIAMIS,CIJEUNGJING,-7.34053,108.42089,46271.0,
235,32,32.07,32.07.04,JAWA BARAT,KAB. CIAMIS,SADANANYA,32,3207,3207240,JAWA BARAT,KABUPATEN CIAMIS,SADANANYA,-7.27187,108.31423,46256.0,
236,32,32.07,32.07.05,JAWA BARAT,KAB. CIAMIS,CIDOLOG,32,3207,3207130,JAWA BARAT,KABUPATEN CIAMIS,CIDOLOG,-7.40015,108.4486,46281.0,
237,32,32.07,32.07.06,JAWA BARAT,KAB. CIAMIS,CIHAURBEUTI,32,3207,3207230,JAWA BARAT,KABUPATEN CIAMIS,CIHAURBEUTI,-7.21887,108.19856,46262.0,
238,32,32.07,32.07.07,JAWA BARAT,KAB. CIAMIS,PANUMBANGAN,32,3207,3207300,JAWA BARAT,KABUPATEN CIAMIS,PANUMBANGAN,-7.15996,108.20135,46263.0,
239,32,32.07,32.07.08,JAWA BARAT,KAB. CIAMIS,PANJALU,32,3207,3207290,JAWA BARAT,KABUPATEN CIAMIS,PANJALU,-7.13449,108.27203,46264.0,
240,32,32.07,32.07.09,JAWA BARAT,KAB. CIAMIS,KAWALI,32,3207,3207280,JAWA BARAT,KABUPATEN CIAMIS,KAWALI,-7.17595,108.36453,46253.0,
241,32,32.07,32.07.10,JAWA BARAT,KAB. CIAMIS,PANAWANGAN,32,3207,3207270,JAWA BARAT,KABUPATEN CIAMIS,PANAWANGAN,-7.11072,108.37918,46255.0,
242,32,32.07,32.07.11,JAWA BARAT,KAB. CIAMIS,CIPAKU,32,3207,3207250,JAWA BARAT,KABUPATEN CIAMIS,CIPAKU,-7.22208,108.3326,46252.0,
243,32,32.07,32.07.12,JAWA BARAT,KAB. CIAMIS,JATINAGARA,32,3207,3207260,JAWA BARAT,KABUPATEN CIAMIS,JATINAGARA,-7.17472,108.40421,46273.0,
244,32,32.07,32.07.13,JAWA BARAT,KAB. CIAMIS,RAJADESA,32,3207,3207190,JAWA BARAT,KABUPATEN CIAMIS,RAJADESA,-7.18419,108.44338,46254.0,
245,32,32.07,32.07.14,JAWA BARAT,KAB. CIAMIS,SUKADANA,32,3207,3207200,JAWA BARAT,KABUPATEN CIAMIS,SUKADANA,-7.26659,108.45412,46272.0,
246,32,32.07,32.07.15,JAWA BARAT,KAB. CIAMIS,RANCAH,32,3207,3207180,JAWA BARAT,KABUPATEN CIAMIS,RANCAH,-7.19747,108.50197,46292.0,
247,32,32.07,32.07.16,JAWA BARAT,KAB. CIAMIS,TAMBAKSARI,32,3207,3207170,JAWA BARAT,KABUPATEN CIAMIS,TAMBAKSARI,-7.24976,108.54167,46293.0,
248,32,32.07,32.07.17,JAWA BARAT,KAB. CIAMIS,LAKBOK,32,3207,3207110,JAWA BARAT,KABUPATEN CIAMIS,LAKBOK,-7.3573,108.66159,46285.0,
249,32,32.07,32.07.18,JAWA BARAT,KAB. CIAMIS,BANJARSARI,32,3207,3207100,JAWA BARAT,KABUPATEN CIAMIS,BANJARSARI,-7.4864,108.61225,46283.0,
250,32,32.07,32.07.19,JAWA BARAT,KAB. CIAMIS,PAMARICAN,32,3207,3207120,JAWA BARAT,KABUPATEN CIAMIS,PAMARICAN,-7.46804,108.51989,46282.0,
251,32,32.07,32.07.29,JAWA BARAT,KAB. CIAMIS,CIMARAGAS,32,3207,3207140,JAWA BARAT,KABUPATEN CIAMIS,CIMARAGAS,-7.37537,108.468,46281.0,
252,32,32.07,32.07.30,JAWA BARAT,KAB. CIAMIS,CISAGA,32,3207,3207160,JAWA BARAT,KABUPATEN CIAMIS,CISAGA,-7.34099,108.5167,46291.0,
253,32,32.07,32.07.31,JAWA BARAT,KAB. CIAMIS,SINDANGKASIH,32,3207,3207221,JAWA BARAT,KABUPATEN CIAMIS,SINDANGKASIH,-7.30631,108.24176,46268.0,
254,32,32.07,32.07.32,JAWA BARAT,KAB. CIAMIS,BAREGBEG,32,3207,3207211,JAWA BARAT,KABUPATEN CIAMIS,BAREGBEG,-7.30258,108.36184,46274.0,
255,32,32.07,32.07.33,JAWA BARAT,KAB. CIAMIS,SUKAMANTRI,32,3207,3207291,JAWA BARAT,KABUPATEN CIAMIS,SUKAMANTRI,-7.07595,108.2815,46265.0,
256,32,32.07,32.07.34,JAWA BARAT,KAB. CIAMIS,LUMBUNG,32,3207,3207281,JAWA BARAT,KABUPATEN CIAMIS,LUMBUNG,-7.1617,108.32379,46258.0,
257,32,32.07,32.07.35,JAWA BARAT,KAB. CIAMIS,PURWADADI,32,3207,3207111,JAWA BARAT,KABUPATEN CIAMIS,PURWADADI,-7.45119,108.65968,46286.0,
258,32,32.07,32.07.37,JAWA BARAT,KAB. CIAMIS,BANJARANYAR,32,3207,3207101,JAWA BARAT,KABUPATEN CIAMIS,BANJARANYAR,-7.51549,108.55173,46283.0,
259,32,32.08,32.08.01,JAWA BARAT,KAB. KUNINGAN,KADUGEDE,32,3208,3208020,JAWA BARAT,KABUPATEN KUNINGAN,KADUGEDE,-7.00344,108.44623,45561.0,
260,32,32.08,32.08.02,JAWA BARAT,KAB. KUNINGAN,CINIRU,32,3208,3208030,JAWA BARAT,KABUPATEN KUNINGAN,CINIRU,-7.04217,108.503,45565.0,
261,32,32.08,32.08.03,JAWA BARAT,KAB. KUNINGAN,SUBANG,32,3208,3208050,JAWA BARAT,KABUPATEN KUNINGAN,SUBANG,-7.13387,108.53547,45586.0,
262,32,32.08,32.08.04,JAWA BARAT,KAB. KUNINGAN,CIWARU,32,3208,3208060,JAWA BARAT,KABUPATEN KUNINGAN,CIWARU,-7.07986,108.6248,45583.0,
263,32,32.08,32.08.05,JAWA BARAT,KAB. KUNINGAN,CIBINGBIN,32,3208,3208070,JAWA BARAT,KABUPATEN KUNINGAN,CIBINGBIN,-7.05898,108.77133,45587.0,
264,32,32.08,32.08.06,JAWA BARAT,KAB. KUNINGAN,LURAGUNG,32,3208,3208080,JAWA BARAT,KABUPATEN KUNINGAN,LURAGUNG,-7.01848,108.63686,45581.0,
265,32,32.08,32.08.07,JAWA BARAT,KAB. KUNINGAN,LEBAKWANGI,32,3208,3208110,JAWA BARAT,KABUPATEN KUNINGAN,LEBAKWANGI,-7.01805,108.60355,45574.0,
266,32,32.08,32.08.08,JAWA BARAT,KAB. KUNINGAN,GARAWANGI,32,3208,3208120,JAWA BARAT,KABUPATEN KUNINGAN,GARAWANGI,-6.99927,108.53981,45571.0,
267,32,32.08,32.08.09,JAWA BARAT,KAB. KUNINGAN,KUNINGAN,32,3208,3208130,JAWA BARAT,KABUPATEN KUNINGAN,KUNINGAN,-6.97207,108.48621,45512.0,
268,32,32.08,32.08.10,JAWA BARAT,KAB. KUNINGAN,CIAWIGEBANG,32,3208,3208100,JAWA BARAT,KABUPATEN KUNINGAN,CIAWIGEBANG,-6.97095,108.57914,45591.0,
269,32,32.08,32.08.11,JAWA BARAT,KAB. KUNINGAN,CIDAHU,32,3208,3208090,JAWA BARAT,KABUPATEN KUNINGAN,CIDAHU,-6.98021,108.64442,45595.0,
270,32,32.08,32.08.12,JAWA BARAT,KAB. KUNINGAN,JALAKSANA,32,3208,3208160,JAWA BARAT,KABUPATEN KUNINGAN,JALAKSANA,-6.9198,108.45965,45554.0,
271,32,32.08,32.08.13,JAWA BARAT,KAB. KUNINGAN,CILIMUS,32,3208,3208170,JAWA BARAT,KABUPATEN KUNINGAN,CILIMUS,-6.86939,108.49768,45556.0,
272,32,32.08,32.08.14,JAWA BARAT,KAB. KUNINGAN,MANDIRANCAN,32,3208,3208180,JAWA BARAT,KABUPATEN KUNINGAN,MANDIRANCAN,-6.81184,108.47195,45558.0,
273,32,32.08,32.08.15,JAWA BARAT,KAB. KUNINGAN,SELAJAMBE,32,3208,3208040,JAWA BARAT,KABUPATEN KUNINGAN,SELAJAMBE,-6.89933,106.87885,43342.0,
274,32,32.08,32.08.16,JAWA BARAT,KAB. KUNINGAN,KRAMATMULYA,32,3208,3208150,JAWA BARAT,KABUPATEN KUNINGAN,KRAMATMULYA,-6.93056,108.49066,45553.0,
275,32,32.08,32.08.17,JAWA BARAT,KAB. KUNINGAN,DARMA,32,3208,3208010,JAWA BARAT,KABUPATEN KUNINGAN,DARMA,-7.00173,108.40494,45562.0,
276,32,32.08,32.08.18,JAWA BARAT,KAB. KUNINGAN,CIGUGUR,32,3208,3208140,JAWA BARAT,KABUPATEN KUNINGAN,CIGUGUR,-6.96735,108.45793,45552.0,
277,32,32.08,32.08.19,JAWA BARAT,KAB. KUNINGAN,PASAWAHAN,32,3208,3208190,JAWA BARAT,KABUPATEN KUNINGAN,PASAWAHAN,-6.79839,108.42872,45559.0,
278,32,32.08,32.08.20,JAWA BARAT,KAB. KUNINGAN,NUSAHERANG,32,3208,3208021,JAWA BARAT,KABUPATEN KUNINGAN,NUSAHERANG,-7.00761,108.44225,45563.0,
279,32,32.08,32.08.21,JAWA BARAT,KAB. KUNINGAN,CIPICUNG,32,3208,3208101,JAWA BARAT,KABUPATEN KUNINGAN,CIPICUNG,-6.95016,108.54375,45592.0,
280,32,32.08,32.08.22,JAWA BARAT,KAB. KUNINGAN,PANCALANG,32,3208,3208181,JAWA BARAT,KABUPATEN KUNINGAN,PANCALANG,-6.82077,108.49211,45557.0,
281,32,32.08,32.08.23,JAWA BARAT,KAB. KUNINGAN,JAPARA,32,3208,3208161,JAWA BARAT,KABUPATEN KUNINGAN,JAPARA,-6.9011,108.51578,45555.0,
282,32,32.08,32.08.24,JAWA BARAT,KAB. KUNINGAN,CIMAHI,32,3208,3208081,JAWA BARAT,KABUPATEN KUNINGAN,CIMAHI,-6.98887,108.69767,45582.0,
283,32,32.08,32.08.25,JAWA BARAT,KAB. KUNINGAN,CILEBAK,32,3208,3208051,JAWA BARAT,KABUPATEN KUNINGAN,CILEBAK,-7.13575,108.58362,45585.0,
284,32,32.08,32.08.26,JAWA BARAT,KAB. KUNINGAN,HANTARA,32,3208,3208031,JAWA BARAT,KABUPATEN KUNINGAN,HANTARA,-6.97207,108.48621,45512.0,
285,32,32.08,32.08.27,JAWA BARAT,KAB. KUNINGAN,KALIMANGGIS,32,3208,3208091,JAWA BARAT,KABUPATEN KUNINGAN,KALIMANGGIS,-6.94848,108.62576,45594.0,
286,32,32.08,32.08.28,JAWA BARAT,KAB. KUNINGAN,CIBEUREUM,32,3208,3208071,JAWA BARAT,KABUPATEN KUNINGAN,CIBEUREUM,-7.05314,108.73214,45588.0,
287,32,32.08,32.08.29,JAWA BARAT,KAB. KUNINGAN,KARANG KANCANA,32,3208,3208061,JAWA BARAT,KABUPATEN KUNINGAN,KARANGKANCANA,-7.09691,108.66799,45584.0,
288,32,32.08,32.08.30,JAWA BARAT,KAB. KUNINGAN,MALEBER,32,3208,3208111,JAWA BARAT,KABUPATEN KUNINGAN,MALEBER,-7.0259,108.56654,45575.0,
289,32,32.08,32.08.31,JAWA BARAT,KAB. KUNINGAN,SINDANG AGUNG,32,3208,3208121,JAWA BARAT,KABUPATEN KUNINGAN,SINDANGAGUNG,-6.97714,108.53982,45573.0,
290,32,32.08,32.08.32,JAWA BARAT,KAB. KUNINGAN,CIGANDAMEKAR,32,3208,3208171,JAWA BARAT,KABUPATEN KUNINGAN,CIGANDAMEKAR,-6.88597,108.52038,45596.0,
291,32,32.09,32.09.01,JAWA BARAT,KAB. CIREBON,WALED,32,3209,3209010,JAWA BARAT,KABUPATEN CIREBON,WALED,-6.90469,108.69556,45687.0,
292,32,32.09,32.09.02,JAWA BARAT,KAB. CIREBON,CILEDUG,32,3209,3209020,JAWA BARAT,KABUPATEN CIREBON,CILEDUG,-6.90277,108.75655,45688.0,
293,32,32.09,32.09.03,JAWA BARAT,KAB. CIREBON,LOSARI,32,3209,3209030,JAWA BARAT,KABUPATEN CIREBON,LOSARI,-6.83623,108.79253,45692.0,
294,32,32.09,32.09.04,JAWA BARAT,KAB. CIREBON,PABEDILAN,32,3209,3209031,JAWA BARAT,KABUPATEN CIREBON,PABEDILAN,-6.87344,108.78857,45693.0,
295,32,32.09,32.09.05,JAWA BARAT,KAB. CIREBON,BABAKAN,32,3209,3209040,JAWA BARAT,KABUPATEN CIREBON,BABAKAN,-6.86985,108.72192,45691.0,
296,32,32.09,32.09.06,JAWA BARAT,KAB. CIREBON,KARANGSEMBUNG,32,3209,3209050,JAWA BARAT,KABUPATEN CIREBON,KARANGSEMBUNG,-6.84104,108.65936,45686.0,
297,32,32.09,32.09.07,JAWA BARAT,KAB. CIREBON,LEMAHABANG,32,3209,3209060,JAWA BARAT,KABUPATEN CIREBON,LEMAHABANG,-6.82531,108.61913,45683.0,
298,32,32.09,32.09.08,JAWA BARAT,KAB. CIREBON,SUSUKAN LEBAK,32,3209,3209061,JAWA BARAT,KABUPATEN CIREBON,SUSUKANLEBAK,-6.86408,108.61756,45685.0,
299,32,32.09,32.09.09,JAWA BARAT,KAB. CIREBON,SEDONG,32,3209,3209070,JAWA BARAT,KABUPATEN CIREBON,SEDONG,-6.85372,108.56461,45689.0,
300,32,32.09,32.09.10,JAWA BARAT,KAB. CIREBON,ASTANAJAPURA,32,3209,3209080,JAWA BARAT,KABUPATEN CIREBON,ASTANAJAPURA,-6.79957,108.6284,45681.0,
301,32,32.09,32.09.11,JAWA BARAT,KAB. CIREBON,PANGENAN,32,3209,3209081,JAWA BARAT,KABUPATEN CIREBON,PANGENAN,-6.80943,108.6846,45682.0,
302,32,32.09,32.09.12,JAWA BARAT,KAB. CIREBON,MUNDU,32,3209,3209090,JAWA BARAT,KABUPATEN CIREBON,MUNDU,-6.76512,108.57599,45673.0,
303,32,32.09,32.09.13,JAWA BARAT,KAB. CIREBON,BEBER,32,3209,3209100,JAWA BARAT,KABUPATEN CIREBON,BEBER,-6.81341,108.52397,45672.0,
304,32,32.09,32.09.14,JAWA BARAT,KAB. CIREBON,TALUN,32,3209,3209111,JAWA BARAT,KABUPATEN CIREBON,TALUN,-6.76227,108.51457,45671.0,
305,32,32.09,32.09.15,JAWA BARAT,KAB. CIREBON,SUMBER,32,3209,3209120,JAWA BARAT,KABUPATEN CIREBON,SUMBER,-6.75935,108.48251,45611.0,
306,32,32.09,32.09.16,JAWA BARAT,KAB. CIREBON,DUKUPUNTANG,32,3209,3209121,JAWA BARAT,KABUPATEN CIREBON,DUKUPUNTANG,-6.76837,108.41807,45652.0,
307,32,32.09,32.09.17,JAWA BARAT,KAB. CIREBON,PALIMANAN,32,3209,3209130,JAWA BARAT,KABUPATEN CIREBON,PALIMANAN,-6.70683,108.42893,45661.0,
308,32,32.09,32.09.18,JAWA BARAT,KAB. CIREBON,PLUMBON,32,3209,3209140,JAWA BARAT,KABUPATEN CIREBON,PLUMBON,-6.70176,108.47097,45655.0,
309,32,32.09,32.09.19,JAWA BARAT,KAB. CIREBON,WERU,32,3209,3209150,JAWA BARAT,KABUPATEN CIREBON,WERU,-6.71025,108.50512,45644.0,
310,32,32.09,32.09.20,JAWA BARAT,KAB. CIREBON,KEDAWUNG,32,3209,3209162,JAWA BARAT,KABUPATEN CIREBON,KEDAWUNG,-6.71255,108.5324,45653.0,
311,32,32.09,32.09.21,JAWA BARAT,KAB. CIREBON,GUNUNG JATI,32,3209,3209171,JAWA BARAT,KABUPATEN CIREBON,GUNUNGJATI,-6.66701,108.54029,45643.0,
312,32,32.09,32.09.22,JAWA BARAT,KAB. CIREBON,KAPETAKAN,32,3209,3209180,JAWA BARAT,KABUPATEN CIREBON,KAPETAKAN,-6.55606,108.50161,45658.0,
313,32,32.09,32.09.23,JAWA BARAT,KAB. CIREBON,KLANGENAN,32,3209,3209190,JAWA BARAT,KABUPATEN CIREBON,KLANGENAN,-6.70975,108.44436,45656.0,
314,32,32.09,32.09.24,JAWA BARAT,KAB. CIREBON,ARJAWINANGUN,32,3209,3209200,JAWA BARAT,KABUPATEN CIREBON,ARJAWINANGUN,-6.64369,108.4053,45662.0,
315,32,32.09,32.09.25,JAWA BARAT,KAB. CIREBON,PANGURAGAN,32,3209,3209201,JAWA BARAT,KABUPATEN CIREBON,PANGURAGAN,-6.60643,108.45278,45663.0,
316,32,32.09,32.09.26,JAWA BARAT,KAB. CIREBON,CIWARINGIN,32,3209,3209210,JAWA BARAT,KABUPATEN CIREBON,CIWARINGIN,-6.69495,108.37787,45667.0,
317,32,32.09,32.09.27,JAWA BARAT,KAB. CIREBON,SUSUKAN,32,3209,3209220,JAWA BARAT,KABUPATEN CIREBON,SUSUKAN,-6.62207,108.37482,45666.0,
318,32,32.09,32.09.28,JAWA BARAT,KAB. CIREBON,GEGESIK,32,3209,3209230,JAWA BARAT,KABUPATEN CIREBON,GEGESIK,-6.57472,108.43018,45664.0,
319,32,32.09,32.09.29,JAWA BARAT,KAB. CIREBON,KALIWEDI,32,3209,3209231,JAWA BARAT,KABUPATEN CIREBON,KALIWEDI,-6.59815,108.40151,45665.0,
320,32,32.09,32.09.30,JAWA BARAT,KAB. CIREBON,GEBANG,32,3209,3209041,JAWA BARAT,KABUPATEN CIREBON,GEBANG,-6.83947,108.7243,45694.0,
321,32,32.09,32.09.31,JAWA BARAT,KAB. CIREBON,DEPOK,32,3209,3209141,JAWA BARAT,KABUPATEN CIREBON,DEPOK,-6.73161,108.43969,45641.0,
322,32,32.09,32.09.32,JAWA BARAT,KAB. CIREBON,PASALEMAN,32,3209,3209011,JAWA BARAT,KABUPATEN CIREBON,PASALEMAN,-6.7397,108.48305,45616.0,
323,32,32.09,32.09.33,JAWA BARAT,KAB. CIREBON,PABUARAN,32,3209,3209021,JAWA BARAT,KABUPATEN CIREBON,PABUARAN,-6.89433,108.72219,,
324,32,32.09,32.09.34,JAWA BARAT,KAB. CIREBON,KARANGWARENG,32,3209,3209051,JAWA BARAT,KABUPATEN CIREBON,KARANGWARENG,-6.86915,108.65125,45695.0,
325,32,32.09,32.09.35,JAWA BARAT,KAB. CIREBON,TENGAH TANI,32,3209,3209161,JAWA BARAT,KABUPATEN CIREBON,TENGAH TANI,-6.7082,108.51948,45642.0,
326,32,32.09,32.09.36,JAWA BARAT,KAB. CIREBON,PLERED,32,3209,3209151,JAWA BARAT,KABUPATEN CIREBON,PLERED,-6.67484,108.50592,45154.0,
327,32,32.09,32.09.37,JAWA BARAT,KAB. CIREBON,GEMPOL,32,3209,3209211,JAWA BARAT,KABUPATEN CIREBON,GEMPOL,-6.70487,108.41473,45668.0,
328,32,32.09,32.09.38,JAWA BARAT,KAB. CIREBON,GREGED,32,3209,3209101,JAWA BARAT,KABUPATEN CIREBON,GREGED,-6.83254,108.55706,45674.0,
329,32,32.09,32.09.39,JAWA BARAT,KAB. CIREBON,SURANENGGALA,32,3209,3209181,JAWA BARAT,KABUPATEN CIREBON,SURANENGGALA,-6.61511,108.52115,45659.0,
330,32,32.09,32.09.40,JAWA BARAT,KAB. CIREBON,JAMBLANG,32,3209,3209191,JAWA BARAT,KABUPATEN CIREBON,JAMBLANG,-6.70729,108.44916,45657.0,
331,32,32.1,32.10.01,JAWA BARAT,KAB. MAJALENGKA,LEMAHSUGIH,32,3210,3210010,JAWA BARAT,KABUPATEN MAJALENGKA,LEMAHSUGIH,-7.02446,108.1735,45465.0,
332,32,32.1,32.10.02,JAWA BARAT,KAB. MAJALENGKA,BANTARUJEG,32,3210,3210020,JAWA BARAT,KABUPATEN MAJALENGKA,BANTARUJEG,-6.97287,108.23852,45464.0,
333,32,32.1,32.10.03,JAWA BARAT,KAB. MAJALENGKA,CIKIJING,32,3210,3210030,JAWA BARAT,KABUPATEN MAJALENGKA,CIKIJING,-7.01974,108.36007,45466.0,
334,32,32.1,32.10.04,JAWA BARAT,KAB. MAJALENGKA,TALAGA,32,3210,3210040,JAWA BARAT,KABUPATEN MAJALENGKA,TALAGA,-6.97815,108.29431,45463.0,
335,32,32.1,32.10.05,JAWA BARAT,KAB. MAJALENGKA,ARGAPURA,32,3210,3210050,JAWA BARAT,KABUPATEN MAJALENGKA,ARGAPURA,-6.92024,108.30352,45462.0,
336,32,32.1,32.10.06,JAWA BARAT,KAB. MAJALENGKA,MAJA,32,3210,3210060,JAWA BARAT,KABUPATEN MAJALENGKA,MAJA,-6.89549,108.30644,45461.0,
337,32,32.1,32.10.07,JAWA BARAT,KAB. MAJALENGKA,MAJALENGKA,32,3210,3210070,JAWA BARAT,KABUPATEN MAJALENGKA,MAJALENGKA,-6.83513,108.24776,45414.0,
338,32,32.1,32.10.08,JAWA BARAT,KAB. MAJALENGKA,SUKAHAJI,32,3210,3210090,JAWA BARAT,KABUPATEN MAJALENGKA,SUKAHAJI,-6.8242,108.28856,45471.0,
339,32,32.1,32.10.09,JAWA BARAT,KAB. MAJALENGKA,RAJAGALUH,32,3210,3210100,JAWA BARAT,KABUPATEN MAJALENGKA,RAJAGALUH,-6.78497,108.34157,45472.0,
340,32,32.1,32.10.10,JAWA BARAT,KAB. MAJALENGKA,LEUWIMUNDING,32,3210,3210120,JAWA BARAT,KABUPATEN MAJALENGKA,LEUWIMUNDING,-6.72661,108.35128,45473.0,
341,32,32.1,32.10.11,JAWA BARAT,KAB. MAJALENGKA,JATIWANGI,32,3210,3210140,JAWA BARAT,KABUPATEN MAJALENGKA,JATIWANGI,-6.72093,108.2492,45454.0,
342,32,32.1,32.10.12,JAWA BARAT,KAB. MAJALENGKA,DAWUAN,32,3210,3210150,JAWA BARAT,KABUPATEN MAJALENGKA,DAWUAN,-6.76325,108.18218,45453.0,
343,32,32.1,32.10.13,JAWA BARAT,KAB. MAJALENGKA,KADIPATEN,32,3210,3210170,JAWA BARAT,KABUPATEN MAJALENGKA,KADIPATEN,-6.76518,108.16994,45452.0,
344,32,32.1,32.10.14,JAWA BARAT,KAB. MAJALENGKA,KERTAJATI,32,3210,3210180,JAWA BARAT,KABUPATEN MAJALENGKA,KERTAJATI,-6.67244,108.19146,45457.0,
345,32,32.1,32.10.15,JAWA BARAT,KAB. MAJALENGKA,JATITUJUH,32,3210,3210190,JAWA BARAT,KABUPATEN MAJALENGKA,JATITUJUH,-6.6482,108.22526,45458.0,
346,32,32.1,32.10.16,JAWA BARAT,KAB. MAJALENGKA,LIGUNG,32,3210,3210200,JAWA BARAT,KABUPATEN MAJALENGKA,LIGUNG,-6.66592,108.28509,45456.0,
347,32,32.1,32.10.17,JAWA BARAT,KAB. MAJALENGKA,SUMBERJAYA,32,3210,3210210,JAWA BARAT,KABUPATEN MAJALENGKA,SUMBERJAYA,-6.70552,108.32166,45455.0,
348,32,32.1,32.10.18,JAWA BARAT,KAB. MAJALENGKA,PANYINGKIRAN,32,3210,3210160,JAWA BARAT,KABUPATEN MAJALENGKA,PANYINGKIRAN,-6.65245,108.21715,45458.0,
349,32,32.1,32.10.19,JAWA BARAT,KAB. MAJALENGKA,PALASAH,32,3210,3210130,JAWA BARAT,KABUPATEN MAJALENGKA,PALASAH,-6.69527,108.1341,45457.0,
350,32,32.1,32.10.20,JAWA BARAT,KAB. MAJALENGKA,CIGASONG,32,3210,3210080,JAWA BARAT,KABUPATEN MAJALENGKA,CIGASONG,-6.83686,108.2527,45423.0,
351,32,32.1,32.10.21,JAWA BARAT,KAB. MAJALENGKA,SINDANGWANGI,32,3210,3210110,JAWA BARAT,KABUPATEN MAJALENGKA,SINDANGWANGI,-6.78139,108.37228,45474.0,
352,32,32.1,32.10.22,JAWA BARAT,KAB. MAJALENGKA,BANJARAN,32,3210,3210041,JAWA BARAT,KABUPATEN MAJALENGKA,BANJARAN,-6.96514,108.31443,45468.0,
353,32,32.1,32.10.23,JAWA BARAT,KAB. MAJALENGKA,CINGAMBUL,32,3210,3210031,JAWA BARAT,KABUPATEN MAJALENGKA,CINGAMBUL,-7.04902,108.35522,45467.0,
354,32,32.1,32.10.24,JAWA BARAT,KAB. MAJALENGKA,KASOKANDEL,32,3210,3210151,JAWA BARAT,KABUPATEN MAJALENGKA,KASOKANDEL,-6.75518,108.21209,45477.0,
355,32,32.1,32.10.25,JAWA BARAT,KAB. MAJALENGKA,SINDANG,32,3210,3210091,JAWA BARAT,KABUPATEN MAJALENGKA,SINDANG,-6.83357,108.32454,45478.0,
356,32,32.1,32.10.26,JAWA BARAT,KAB. MAJALENGKA,MALAUSMA,32,3210,3210021,JAWA BARAT,KABUPATEN MAJALENGKA,MALAUSMA,-7.03839,108.24637,45469.0,
357,32,32.11,32.11.01,JAWA BARAT,KAB. SUMEDANG,WADO,32,3211,3211100,JAWA BARAT,KABUPATEN SUMEDANG,WADO,-6.95251,108.09487,45373.0,
358,32,32.11,32.11.02,JAWA BARAT,KAB. SUMEDANG,JATINUNGGAL,32,3211,3211101,JAWA BARAT,KABUPATEN SUMEDANG,JATINUNGGAL,-6.95017,108.13109,45376.0,
359,32,32.11,32.11.03,JAWA BARAT,KAB. SUMEDANG,DARMARAJA,32,3211,3211080,JAWA BARAT,KABUPATEN SUMEDANG,DARMARAJA,-6.91422,108.06788,45372.0,
360,32,32.11,32.11.04,JAWA BARAT,KAB. SUMEDANG,CIBUGEL,32,3211,3211090,JAWA BARAT,KABUPATEN SUMEDANG,CIBUGEL,-6.96767,108.02037,45375.0,
361,32,32.11,32.11.05,JAWA BARAT,KAB. SUMEDANG,CISITU,32,3211,3211071,JAWA BARAT,KABUPATEN SUMEDANG,CISITU,-6.87077,108.0438,45377.0,
362,32,32.11,32.11.06,JAWA BARAT,KAB. SUMEDANG,SITURAJA,32,3211,3211070,JAWA BARAT,KABUPATEN SUMEDANG,SITURAJA,-6.84016,108.01984,45371.0,
363,32,32.11,32.11.07,JAWA BARAT,KAB. SUMEDANG,CONGGEANG,32,3211,3211140,JAWA BARAT,KABUPATEN SUMEDANG,CONGGEANG,-6.75777,108.00063,45391.0,
364,32,32.11,32.11.08,JAWA BARAT,KAB. SUMEDANG,PASEH,32,3211,3211150,JAWA BARAT,KABUPATEN SUMEDANG,PASEH,-6.78937,108.03375,45381.0,
365,32,32.11,32.11.09,JAWA BARAT,KAB. SUMEDANG,SURIAN,32,3211,3211181,JAWA BARAT,KABUPATEN SUMEDANG,SURIAN,-6.62945,107.87597,45393.0,
366,32,32.11,32.11.10,JAWA BARAT,KAB. SUMEDANG,BUAHDUA,32,3211,3211180,JAWA BARAT,KABUPATEN SUMEDANG,BUAHDUA,-6.70146,107.95218,45392.0,
367,32,32.11,32.11.11,JAWA BARAT,KAB. SUMEDANG,TANJUNGSARI,32,3211,3211030,JAWA BARAT,KABUPATEN SUMEDANG,TANJUNGSARI,-6.8987,107.80236,45362.0,
368,32,32.11,32.11.12,JAWA BARAT,KAB. SUMEDANG,SUKASARI,32,3211,3211031,JAWA BARAT,KABUPATEN SUMEDANG,SUKASARI,-6.8787,107.79109,45366.0,
369,32,32.11,32.11.13,JAWA BARAT,KAB. SUMEDANG,PAMULIHAN,32,3211,3211032,JAWA BARAT,KABUPATEN SUMEDANG,PAMULIHAN,-6.87741,107.82951,45365.0,
370,32,32.11,32.11.14,JAWA BARAT,KAB. SUMEDANG,CIMANGGUNG,32,3211,3211020,JAWA BARAT,KABUPATEN SUMEDANG,CIMANGGUNG,-6.96382,107.84876,45364.0,
371,32,32.11,32.11.15,JAWA BARAT,KAB. SUMEDANG,JATINANGOR,32,3211,3211010,JAWA BARAT,KABUPATEN SUMEDANG,JATINANGOR,-6.93129,107.77755,45367.0,
372,32,32.11,32.11.16,JAWA BARAT,KAB. SUMEDANG,RANCAKALONG,32,3211,3211040,JAWA BARAT,KABUPATEN SUMEDANG,RANCAKALONG,-6.83643,107.83648,45361.0,
373,32,32.11,32.11.17,JAWA BARAT,KAB. SUMEDANG,SUMEDANG SELATAN,32,3211,3211050,JAWA BARAT,KABUPATEN SUMEDANG,SUMEDANG SELATAN,-6.86633,107.88038,45319.0,
374,32,32.11,32.11.18,JAWA BARAT,KAB. SUMEDANG,SUMEDANG UTARA,32,3211,3211060,JAWA BARAT,KABUPATEN SUMEDANG,SUMEDANG UTARA,-6.83658,107.92895,45322.0,
375,32,32.11,32.11.19,JAWA BARAT,KAB. SUMEDANG,GANEAS,32,3211,3211061,JAWA BARAT,KABUPATEN SUMEDANG,GANEAS,-6.84664,107.97434,45356.0,
376,32,32.11,32.11.20,JAWA BARAT,KAB. SUMEDANG,TANJUNGKERTA,32,3211,3211170,JAWA BARAT,KABUPATEN SUMEDANG,TANJUNGKERTA,-6.73112,107.90756,45354.0,
377,32,32.11,32.11.21,JAWA BARAT,KAB. SUMEDANG,TANJUNGMEDAR,32,3211,3211171,JAWA BARAT,KABUPATEN SUMEDANG,TANJUNGMEDAR,-6.71866,107.84436,45355.0,
378,32,32.11,32.11.22,JAWA BARAT,KAB. SUMEDANG,CIMALAKA,32,3211,3211160,JAWA BARAT,KABUPATEN SUMEDANG,CIMALAKA,-6.81436,107.95033,45353.0,
379,32,32.11,32.11.23,JAWA BARAT,KAB. SUMEDANG,CISARUA,32,3211,3211161,JAWA BARAT,KABUPATEN SUMEDANG,CISARUA,-6.82205,107.96633,45357.0,
380,32,32.11,32.11.24,JAWA BARAT,KAB. SUMEDANG,TOMO,32,3211,3211120,JAWA BARAT,KABUPATEN SUMEDANG,TOMO,-6.76075,108.13956,45382.0,
381,32,32.11,32.11.25,JAWA BARAT,KAB. SUMEDANG,UJUNGJAYA,32,3211,3211130,JAWA BARAT,KABUPATEN SUMEDANG,UJUNG JAYA,-6.72112,108.1088,45383.0,
382,32,32.11,32.11.26,JAWA BARAT,KAB. SUMEDANG,JATIGEDE,32,3211,3211111,JAWA BARAT,KABUPATEN SUMEDANG,JATIGEDE,-6.83913,108.12003,45374.0,
383,32,32.12,32.12.01,JAWA BARAT,KAB. INDRAMAYU,HAURGEULIS,32,3212,3212010,JAWA BARAT,KABUPATEN INDRAMAYU,HAURGEULIS,-6.46413,107.94734,45264.0,
384,32,32.12,32.12.02,JAWA BARAT,KAB. INDRAMAYU,KROYA,32,3212,3212020,JAWA BARAT,KABUPATEN INDRAMAYU,KROYA,-6.49986,108.06111,45265.0,
385,32,32.12,32.12.03,JAWA BARAT,KAB. INDRAMAYU,GABUSWETAN,32,3212,3212030,JAWA BARAT,KABUPATEN INDRAMAYU,GABUSWETAN,-6.41469,108.08112,45263.0,
386,32,32.12,32.12.04,JAWA BARAT,KAB. INDRAMAYU,CIKEDUNG,32,3212,3212040,JAWA BARAT,KABUPATEN INDRAMAYU,CIKEDUNG,-6.48795,108.18155,45262.0,
387,32,32.12,32.12.05,JAWA BARAT,KAB. INDRAMAYU,LELEA,32,3212,3212050,JAWA BARAT,KABUPATEN INDRAMAYU,LELEA,-6.42443,108.25076,45261.0,
388,32,32.12,32.12.06,JAWA BARAT,KAB. INDRAMAYU,BANGODUA,32,3212,3212060,JAWA BARAT,KABUPATEN INDRAMAYU,BANGODUA,-6.52937,108.33048,45272.0,
389,32,32.12,32.12.07,JAWA BARAT,KAB. INDRAMAYU,WIDASARI,32,3212,3212070,JAWA BARAT,KABUPATEN INDRAMAYU,WIDASARI,-6.47137,108.29261,45271.0,
390,32,32.12,32.12.08,JAWA BARAT,KAB. INDRAMAYU,KERTASEMAYA,32,3212,3212080,JAWA BARAT,KABUPATEN INDRAMAYU,KERTASEMAYA,-6.52747,108.35184,45274.0,
391,32,32.12,32.12.09,JAWA BARAT,KAB. INDRAMAYU,KRANGKENG,32,3212,3212090,JAWA BARAT,KABUPATEN INDRAMAYU,KRANGKENG,-6.49919,108.48111,45284.0,
392,32,32.12,32.12.10,JAWA BARAT,KAB. INDRAMAYU,KARANGAMPEL,32,3212,3212100,JAWA BARAT,KABUPATEN INDRAMAYU,KARANGAMPEL,-6.45632,108.44969,45283.0,
393,32,32.12,32.12.11,JAWA BARAT,KAB. INDRAMAYU,JUNTINYUAT,32,3212,3212110,JAWA BARAT,KABUPATEN INDRAMAYU,JUNTINYUAT,-6.42901,108.43602,45282.0,
394,32,32.12,32.12.12,JAWA BARAT,KAB. INDRAMAYU,SLIYEG,32,3212,3212120,JAWA BARAT,KABUPATEN INDRAMAYU,SLIYEG,-6.4551,108.35721,45281.0,
395,32,32.12,32.12.13,JAWA BARAT,KAB. INDRAMAYU,JATIBARANG,32,3212,3212130,JAWA BARAT,KABUPATEN INDRAMAYU,JATIBARANG,-6.46668,108.2986,45273.0,
396,32,32.12,32.12.14,JAWA BARAT,KAB. INDRAMAYU,BALONGAN,32,3212,3212140,JAWA BARAT,KABUPATEN INDRAMAYU,BALONGAN,-6.36217,108.38717,45245.0,
397,32,32.12,32.12.15,JAWA BARAT,KAB. INDRAMAYU,INDRAMAYU,32,3212,3212150,JAWA BARAT,KABUPATEN INDRAMAYU,INDRAMAYU,-6.34802,108.32969,45216.0,
398,32,32.12,32.12.16,JAWA BARAT,KAB. INDRAMAYU,SINDANG,32,3212,3212160,JAWA BARAT,KABUPATEN INDRAMAYU,SINDANG,-6.33621,108.32338,45222.0,
399,32,32.12,32.12.17,JAWA BARAT,KAB. INDRAMAYU,CANTIGI,32,3212,3212161,JAWA BARAT,KABUPATEN INDRAMAYU,CANTIGI,-6.3336,108.22315,45258.0,
400,32,32.12,32.12.18,JAWA BARAT,KAB. INDRAMAYU,LOHBENER,32,3212,3212170,JAWA BARAT,KABUPATEN INDRAMAYU,LOHBENER,-6.4012,108.2753,45252.0,
401,32,32.12,32.12.19,JAWA BARAT,KAB. INDRAMAYU,ARAHAN,32,3212,3212171,JAWA BARAT,KABUPATEN INDRAMAYU,ARAHAN,-6.35226,108.23314,45259.0,
402,32,32.12,32.12.20,JAWA BARAT,KAB. INDRAMAYU,LOSARANG,32,3212,3212180,JAWA BARAT,KABUPATEN INDRAMAYU,LOSARANG,-6.39143,108.15193,45253.0,
403,32,32.12,32.12.21,JAWA BARAT,KAB. INDRAMAYU,KANDANGHAUR,32,3212,3212190,JAWA BARAT,KABUPATEN INDRAMAYU,KANDANGHAUR,-6.34565,108.09925,45254.0,
404,32,32.12,32.12.22,JAWA BARAT,KAB. INDRAMAYU,BONGAS,32,3212,3212200,JAWA BARAT,KABUPATEN INDRAMAYU,BONGAS,-6.37849,108.00235,45255.0,
405,32,32.12,32.12.23,JAWA BARAT,KAB. INDRAMAYU,ANJATAN,32,3212,3212210,JAWA BARAT,KABUPATEN INDRAMAYU,ANJATAN,-6.34849,107.95499,45256.0,
406,32,32.12,32.12.24,JAWA BARAT,KAB. INDRAMAYU,SUKRA,32,3212,3212220,JAWA BARAT,KABUPATEN INDRAMAYU,SUKRA,-6.30374,107.92646,45257.0,
407,32,32.12,32.12.25,JAWA BARAT,KAB. INDRAMAYU,GANTAR,32,3212,3212011,JAWA BARAT,KABUPATEN INDRAMAYU,GANTAR,-6.51135,107.98879,45266.0,
408,32,32.12,32.12.26,JAWA BARAT,KAB. INDRAMAYU,TRISI,32,3212,3212041,JAWA BARAT,KABUPATEN INDRAMAYU,TERISI,-6.62718,108.02114,45267.0,
409,32,32.12,32.12.27,JAWA BARAT,KAB. INDRAMAYU,SUKAGUMIWANG,32,3212,3212081,JAWA BARAT,KABUPATEN INDRAMAYU,SUKAGUMIWANG,-6.56406,108.32428,45275.0,
410,32,32.12,32.12.28,JAWA BARAT,KAB. INDRAMAYU,KEDOKAN BUNDER,32,3212,3212101,JAWA BARAT,KABUPATEN INDRAMAYU,KEDOKAN BUNDER,-6.49497,108.40039,45286.0,
411,32,32.12,32.12.29,JAWA BARAT,KAB. INDRAMAYU,PASEKAN,32,3212,3212162,JAWA BARAT,KABUPATEN INDRAMAYU,PASEKAN,-6.26347,108.26099,45232.0,
412,32,32.12,32.12.30,JAWA BARAT,KAB. INDRAMAYU,TUKDANA,32,3212,3212061,JAWA BARAT,KABUPATEN INDRAMAYU,TUKDANA,-6.54912,108.28453,45276.0,
413,32,32.12,32.12.31,JAWA BARAT,KAB. INDRAMAYU,PATROL,32,3212,3212221,JAWA BARAT,KABUPATEN INDRAMAYU,PATROL,-6.31953,107.98379,45258.0,
414,32,32.13,32.13.01,JAWA BARAT,KAB. SUBANG,SAGALAHERANG,32,3213,3213010,JAWA BARAT,KABUPATEN SUBANG,SAGALAHERANG,-6.67441,107.65946,41282.0,
415,32,32.13,32.13.02,JAWA BARAT,KAB. SUBANG,CISALAK,32,3213,3213030,JAWA BARAT,KABUPATEN SUBANG,CISALAK,-6.71864,107.76738,41283.0,
416,32,32.13,32.13.03,JAWA BARAT,KAB. SUBANG,SUBANG,32,3213,3213070,JAWA BARAT,KABUPATEN SUBANG,SUBANG,-6.55193,107.74986,41212.0,
417,32,32.13,32.13.04,JAWA BARAT,KAB. SUBANG,KALIJATI,32,3213,3213080,JAWA BARAT,KABUPATEN SUBANG,KALIJATI,-6.51685,107.68984,41271.0,
418,32,32.13,32.13.05,JAWA BARAT,KAB. SUBANG,PABUARAN,32,3213,3213100,JAWA BARAT,KABUPATEN SUBANG,PABUARAN,-6.39941,107.58933,41262.0,
419,32,32.13,32.13.06,JAWA BARAT,KAB. SUBANG,PURWADADI,32,3213,3213120,JAWA BARAT,KABUPATEN SUBANG,PURWADADI,-6.41129,107.6824,41261.0,
420,32,32.13,32.13.07,JAWA BARAT,KAB. SUBANG,PAGADEN,32,3213,3213140,JAWA BARAT,KABUPATEN SUBANG,PAGADEN,-6.45067,107.80954,41252.0,
421,32,32.13,32.13.08,JAWA BARAT,KAB. SUBANG,BINONG,32,3213,3213170,JAWA BARAT,KABUPATEN SUBANG,BINONG,-6.3963,107.79734,41253.0,
422,32,32.13,32.13.09,JAWA BARAT,KAB. SUBANG,CIASEM,32,3213,3213180,JAWA BARAT,KABUPATEN SUBANG,CIASEM,-6.31907,107.6376,41256.0,
423,32,32.13,32.13.10,JAWA BARAT,KAB. SUBANG,PUSAKANAGARA,32,3213,3213200,JAWA BARAT,KABUPATEN SUBANG,PUSAKANAGARA,-6.27967,107.85678,41255.0,
424,32,32.13,32.13.11,JAWA BARAT,KAB. SUBANG,PAMANUKAN,32,3213,3213190,JAWA BARAT,KABUPATEN SUBANG,PAMANUKAN,-6.28443,107.81519,41254.0,
425,32,32.13,32.13.12,JAWA BARAT,KAB. SUBANG,JALANCAGAK,32,3213,3213020,JAWA BARAT,KABUPATEN SUBANG,JALANCAGAK,-6.68948,107.71785,41281.0,
426,32,32.13,32.13.13,JAWA BARAT,KAB. SUBANG,BLANAKAN,32,3213,3213220,JAWA BARAT,KABUPATEN SUBANG,BLANAKAN,-6.27558,107.66681,41259.0,
427,32,32.13,32.13.14,JAWA BARAT,KAB. SUBANG,TANJUNGSIANG,32,3213,3213040,JAWA BARAT,KABUPATEN SUBANG,TANJUNGSIANG,-6.75305,107.81113,41284.0,
428,32,32.13,32.13.15,JAWA BARAT,KAB. SUBANG,COMPRENG,32,3213,3213160,JAWA BARAT,KABUPATEN SUBANG,COMPRENG,-6.35351,107.87531,41258.0,
429,32,32.13,32.13.16,JAWA BARAT,KAB. SUBANG,PATOKBEUSI,32,3213,3213110,JAWA BARAT,KABUPATEN SUBANG,PATOKBEUSI,-6.36218,107.58501,41263.0,
430,32,32.13,32.13.17,JAWA BARAT,KAB. SUBANG,CIBOGO,32,3213,3213060,JAWA BARAT,KABUPATEN SUBANG,CIBOGO,-6.55814,107.81375,41285.0,
431,32,32.13,32.13.18,JAWA BARAT,KAB. SUBANG,CIPUNAGARA,32,3213,3213150,JAWA BARAT,KABUPATEN SUBANG,CIPUNAGARA,-6.46284,107.86503,41257.0,
432,32,32.13,32.13.19,JAWA BARAT,KAB. SUBANG,CIJAMBE,32,3213,3213050,JAWA BARAT,KABUPATEN SUBANG,CIJAMBE,-6.63245,107.72279,41286.0,
433,32,32.13,32.13.20,JAWA BARAT,KAB. SUBANG,CIPEUNDEUY,32,3213,3213090,JAWA BARAT,KABUPATEN SUBANG,CIPEUNDEUY,-6.49903,107.58506,41272.0,
434,32,32.13,32.13.21,JAWA BARAT,KAB. SUBANG,LEGONKULON,32,3213,3213210,JAWA BARAT,KABUPATEN SUBANG,LEGONKULON,-6.23971,107.80058,41267.0,
435,32,32.13,32.13.22,JAWA BARAT,KAB. SUBANG,CIKAUM,32,3213,3213130,JAWA BARAT,KABUPATEN SUBANG,CIKAUM,-6.41318,107.7456,41264.0,
436,32,32.13,32.13.23,JAWA BARAT,KAB. SUBANG,SERANGPANJANG,32,3213,3213011,JAWA BARAT,KABUPATEN SUBANG,SERANGPANJANG,-6.66626,107.6101,41287.0,
437,32,32.13,32.13.24,JAWA BARAT,KAB. SUBANG,SUKASARI,32,3213,3213191,JAWA BARAT,KABUPATEN SUBANG,SUKASARI,-6.29391,107.77546,41268.0,
438,32,32.13,32.13.25,JAWA BARAT,KAB. SUBANG,TAMBAKDAHAN,32,3213,3213171,JAWA BARAT,KABUPATEN SUBANG,TAMBAKDAHAN,-6.35326,107.81396,41265.0,
439,32,32.13,32.13.26,JAWA BARAT,KAB. SUBANG,KASOMALANG,32,3213,3213031,JAWA BARAT,KABUPATEN SUBANG,KASOMALANG,-6.69548,107.74649,41289.0,
440,32,32.13,32.13.27,JAWA BARAT,KAB. SUBANG,DAWUAN,32,3213,3213081,JAWA BARAT,KABUPATEN SUBANG,DAWUAN,-6.54382,107.70478,41273.0,
441,32,32.13,32.13.28,JAWA BARAT,KAB. SUBANG,PAGADEN BARAT,32,3213,3213141,JAWA BARAT,KABUPATEN SUBANG,PAGADEN BARAT,-6.47919,107.77254,41274.0,
442,32,32.13,32.13.29,JAWA BARAT,KAB. SUBANG,CIATER,32,3213,3213021,JAWA BARAT,KABUPATEN SUBANG,CIATER,-6.73545,107.64846,41288.0,
443,32,32.13,32.13.30,JAWA BARAT,KAB. SUBANG,PUSAKAJAYA,32,3213,3213201,JAWA BARAT,KABUPATEN SUBANG,PUSAKAJAYA,-6.29558,107.87145,41266.0,
444,32,32.14,32.14.01,JAWA BARAT,KAB. PURWAKARTA,PURWAKARTA,32,3214,3214100,JAWA BARAT,KABUPATEN PURWAKARTA,PURWAKARTA,-6.65304,107.41706,41163.0,
445,32,32.14,32.14.02,JAWA BARAT,KAB. PURWAKARTA,CAMPAKA,32,3214,3214110,JAWA BARAT,KABUPATEN PURWAKARTA,CAMPAKA,-6.50754,107.48488,41181.0,
446,32,32.14,32.14.03,JAWA BARAT,KAB. PURWAKARTA,JATILUHUR,32,3214,3214010,JAWA BARAT,KABUPATEN PURWAKARTA,JATILUHUR,-6.52843,107.40934,41152.0,
447,32,32.14,32.14.04,JAWA BARAT,KAB. PURWAKARTA,PLERED,32,3214,3214040,JAWA BARAT,KABUPATEN PURWAKARTA,PLERED,-6.64146,107.38816,41162.0,
448,32,32.14,32.14.05,JAWA BARAT,KAB. PURWAKARTA,SUKATANI,32,3214,3214050,JAWA BARAT,KABUPATEN PURWAKARTA,SUKATANI,-6.61443,107.4187,41167.0,
449,32,32.14,32.14.06,JAWA BARAT,KAB. PURWAKARTA,DARANGDAN,32,3214,3214060,JAWA BARAT,KABUPATEN PURWAKARTA,DARANGDAN,-6.67611,107.42737,41163.0,
450,32,32.14,32.14.07,JAWA BARAT,KAB. PURWAKARTA,MANIIS,32,3214,3214020,JAWA BARAT,KABUPATEN PURWAKARTA,MANIIS,-6.69935,107.31683,41166.0,
451,32,32.14,32.14.08,JAWA BARAT,KAB. PURWAKARTA,TEGALWARU,32,3214,3214030,JAWA BARAT,KABUPATEN PURWAKARTA,TEGAL WARU,-6.64854,107.34016,41165.0,
452,32,32.14,32.14.09,JAWA BARAT,KAB. PURWAKARTA,WANAYASA,32,3214,3214080,JAWA BARAT,KABUPATEN PURWAKARTA,WANAYASA,-6.6801,107.55541,41174.0,
453,32,32.14,32.14.10,JAWA BARAT,KAB. PURWAKARTA,PASAWAHAN,32,3214,3214090,JAWA BARAT,KABUPATEN PURWAKARTA,PASAWAHAN,-6.57462,107.47273,41172.0,
454,32,32.14,32.14.11,JAWA BARAT,KAB. PURWAKARTA,BOJONG,32,3214,3214070,JAWA BARAT,KABUPATEN PURWAKARTA,BOJONG,-6.70552,107.50729,41164.0,
455,32,32.14,32.14.12,JAWA BARAT,KAB. PURWAKARTA,BABAKANCIKAO,32,3214,3214101,JAWA BARAT,KABUPATEN PURWAKARTA,BABAKANCIKAO,-6.51029,107.42506,41151.0,
456,32,32.14,32.14.13,JAWA BARAT,KAB. PURWAKARTA,BUNGURSARI,32,3214,3214112,JAWA BARAT,KABUPATEN PURWAKARTA,BUNGURSARI,-6.48326,107.47964,41182.0,
457,32,32.14,32.14.14,JAWA BARAT,KAB. PURWAKARTA,CIBATU,32,3214,3214111,JAWA BARAT,KABUPATEN PURWAKARTA,CIBATU,-6.5001,107.53675,41183.0,
458,32,32.14,32.14.15,JAWA BARAT,KAB. PURWAKARTA,SUKASARI,32,3214,3214011,JAWA BARAT,KABUPATEN PURWAKARTA,SUKASARI,-6.53789,107.29429,41153.0,
459,32,32.14,32.14.16,JAWA BARAT,KAB. PURWAKARTA,PONDOKSALAM,32,3214,3214091,JAWA BARAT,KABUPATEN PURWAKARTA,PONDOK SALAM,-6.62149,107.49957,41173.0,
460,32,32.14,32.14.17,JAWA BARAT,KAB. PURWAKARTA,KIARAPEDES,32,3214,3214081,JAWA BARAT,KABUPATEN PURWAKARTA,KIARAPEDES,-6.64975,107.56451,41175.0,
461,32,32.15,32.15.01,JAWA BARAT,KAB. KARAWANG,KARAWANG BARAT,32,3215,3215113,JAWA BARAT,KABUPATEN KARAWANG,KARAWANG BARAT,-6.35686,107.26599,41341.0,
462,32,32.15,32.15.02,JAWA BARAT,KAB. KARAWANG,PANGKALAN,32,3215,3215010,JAWA BARAT,KABUPATEN KARAWANG,PANGKALAN,-6.48787,107.2167,41362.0,
463,32,32.15,32.15.03,JAWA BARAT,KAB. KARAWANG,TELUKJAMBE TIMUR,32,3215,3215031,JAWA BARAT,KABUPATEN KARAWANG,TELUKJAMBE TIMUR,-6.34133,107.28886,41334.0,
464,32,32.15,32.15.04,JAWA BARAT,KAB. KARAWANG,CIAMPEL,32,3215,3215020,JAWA BARAT,KABUPATEN KARAWANG,CIAMPEL,-6.36522,107.32183,41363.0,
465,32,32.15,32.15.05,JAWA BARAT,KAB. KARAWANG,KLARI,32,3215,3215040,JAWA BARAT,KABUPATEN KARAWANG,KLARI,-6.34627,107.35873,41371.0,
466,32,32.15,32.15.06,JAWA BARAT,KAB. KARAWANG,RENGASDENGKLOK,32,3215,3215150,JAWA BARAT,KABUPATEN KARAWANG,RENGASDENGKLOK,-6.20235,107.29987,41352.0,
467,32,32.15,32.15.07,JAWA BARAT,KAB. KARAWANG,KUTAWALUYA,32,3215,3215140,JAWA BARAT,KABUPATEN KARAWANG,KUTAWALUYA,-6.14555,107.33591,41358.0,
468,32,32.15,32.15.08,JAWA BARAT,KAB. KARAWANG,BATUJAYA,32,3215,3215190,JAWA BARAT,KABUPATEN KARAWANG,BATUJAYA,-6.06247,107.1806,41354.0,
469,32,32.15,32.15.09,JAWA BARAT,KAB. KARAWANG,TIRTAJAYA,32,3215,3215180,JAWA BARAT,KABUPATEN KARAWANG,TIRTAJAYA,-6.04805,107.26826,41357.0,
470,32,32.15,32.15.10,JAWA BARAT,KAB. KARAWANG,PEDES,32,3215,3215160,JAWA BARAT,KABUPATEN KARAWANG,PEDES,-6.09916,107.38198,41353.0,
471,32,32.15,32.15.11,JAWA BARAT,KAB. KARAWANG,CIBUAYA,32,3215,3215170,JAWA BARAT,KABUPATEN KARAWANG,CIBUAYA,-6.05345,107.3527,41356.0,
472,32,32.15,32.15.12,JAWA BARAT,KAB. KARAWANG,PAKISJAYA,32,3215,3215200,JAWA BARAT,KABUPATEN KARAWANG,PAKISJAYA,-6.01289,107.11959,41355.0,
473,32,32.15,32.15.13,JAWA BARAT,KAB. KARAWANG,CIKAMPEK,32,3215,3215050,JAWA BARAT,KABUPATEN KARAWANG,CIKAMPEK,-6.41565,107.4428,41373.0,
474,32,32.15,32.15.14,JAWA BARAT,KAB. KARAWANG,JATISARI,32,3215,3215070,JAWA BARAT,KABUPATEN KARAWANG,JATISARI,-6.36973,107.52824,41374.0,
475,32,32.15,32.15.15,JAWA BARAT,KAB. KARAWANG,CILAMAYA WETAN,32,3215,3215081,JAWA BARAT,KABUPATEN KARAWANG,CILAMAYA WETAN,-6.2435,107.58633,41384.0,
476,32,32.15,32.15.16,JAWA BARAT,KAB. KARAWANG,TIRTAMULYA,32,3215,3215060,JAWA BARAT,KABUPATEN KARAWANG,TIRTAMULYA,-6.34911,107.46807,41372.0,
477,32,32.15,32.15.17,JAWA BARAT,KAB. KARAWANG,TELAGASARI,32,3215,3215100,JAWA BARAT,KABUPATEN KARAWANG,TALAGASARI,-6.2839,107.38399,41381.0,
478,32,32.15,32.15.18,JAWA BARAT,KAB. KARAWANG,RAWAMERTA,32,3215,3215120,JAWA BARAT,KABUPATEN KARAWANG,RAWAMERTA,-6.24041,107.33423,41382.0,
479,32,32.15,32.15.19,JAWA BARAT,KAB. KARAWANG,LEMAHABANG,32,3215,3215090,JAWA BARAT,KABUPATEN KARAWANG,LEMAHABANG,-6.27889,107.45009,41383.0,
480,32,32.15,32.15.20,JAWA BARAT,KAB. KARAWANG,TEMPURAN,32,3215,3215130,JAWA BARAT,KABUPATEN KARAWANG,TEMPURAN,-6.18049,107.47954,41385.0,
481,32,32.15,32.15.21,JAWA BARAT,KAB. KARAWANG,MAJALAYA,32,3215,3215111,JAWA BARAT,KABUPATEN KARAWANG,MAJALAYA,-6.29473,107.36578,41388.0,
482,32,32.15,32.15.22,JAWA BARAT,KAB. KARAWANG,JAYAKERTA,32,3215,3215151,JAWA BARAT,KABUPATEN KARAWANG,JAYAKERTA,-6.09321,107.31425,41359.0,
483,32,32.15,32.15.23,JAWA BARAT,KAB. KARAWANG,CILAMAYA KULON,32,3215,3215082,JAWA BARAT,KABUPATEN KARAWANG,CILAMAYA KULON,-6.22601,107.51126,41386.0,
484,32,32.15,32.15.24,JAWA BARAT,KAB. KARAWANG,BANYUSARI,32,3215,3215071,JAWA BARAT,KABUPATEN KARAWANG,BANYUSARI,-6.30704,107.54775,41375.0,
485,32,32.15,32.15.25,JAWA BARAT,KAB. KARAWANG,KOTA BARU,32,3215,3215072,JAWA BARAT,KABUPATEN KARAWANG,KOTABARU,-6.40196,107.47827,41377.0,
486,32,32.15,32.15.26,JAWA BARAT,KAB. KARAWANG,KARAWANG TIMUR,32,3215,3215112,JAWA BARAT,KABUPATEN KARAWANG,KARAWANG TIMUR,-6.29374,107.32439,41326.0,
487,32,32.15,32.15.27,JAWA BARAT,KAB. KARAWANG,TELUKJAMBE BARAT,32,3215,3215032,JAWA BARAT,KABUPATEN KARAWANG,TELUKJAMBE BARAT,-6.37349,107.22335,41347.0,
488,32,32.15,32.15.28,JAWA BARAT,KAB. KARAWANG,TEGALWARU,32,3215,3215011,JAWA BARAT,KABUPATEN KARAWANG,TEGALWARU,-6.26691,107.57052,41384.0,
489,32,32.15,32.15.29,JAWA BARAT,KAB. KARAWANG,PURWASARI,32,3215,3215051,JAWA BARAT,KABUPATEN KARAWANG,PURWASARI,-6.38876,107.40994,41376.0,
490,32,32.15,32.15.30,JAWA BARAT,KAB. KARAWANG,CILEBAR,32,3215,3215161,JAWA BARAT,KABUPATEN KARAWANG,CILEBAR,-6.12033,107.40332,41387.0,
491,32,32.16,32.16.01,JAWA BARAT,KAB. BEKASI,TARUMAJAYA,32,3216,3216100,JAWA BARAT,KABUPATEN BEKASI,TARUMAJAYA,-6.12993,106.99175,17213.0,
492,32,32.16,32.16.02,JAWA BARAT,KAB. BEKASI,BABELAN,32,3216,3216090,JAWA BARAT,KABUPATEN BEKASI,BABELAN,-6.16098,107.0192,17611.0,
493,32,32.16,32.16.03,JAWA BARAT,KAB. BEKASI,SUKAWANGI,32,3216,3216111,JAWA BARAT,KABUPATEN BEKASI,SUKAWANGI,-6.13483,107.14204,17643.0,
494,32,32.16,32.16.04,JAWA BARAT,KAB. BEKASI,TAMBELANG,32,3216,3216110,JAWA BARAT,KABUPATEN BEKASI,TAMBELANG,-6.15621,107.1278,17625.0,
495,32,32.16,32.16.05,JAWA BARAT,KAB. BEKASI,TAMBUN UTARA,32,3216,3216082,JAWA BARAT,KABUPATEN BEKASI,TAMBUN UTARA,-6.19201,107.06059,17565.0,
496,32,32.16,32.16.06,JAWA BARAT,KAB. BEKASI,TAMBUN SELATAN,32,3216,3216081,JAWA BARAT,KABUPATEN BEKASI,TAMBUN SELATAN,-6.26329,107.06072,17511.0,
497,32,32.16,32.16.07,JAWA BARAT,KAB. BEKASI,CIBITUNG,32,3216,3216070,JAWA BARAT,KABUPATEN BEKASI,CIBITUNG,-6.26221,107.08287,17521.0,
498,32,32.16,32.16.08,JAWA BARAT,KAB. BEKASI,CIKARANG BARAT,32,3216,3216071,JAWA BARAT,KABUPATEN BEKASI,CIKARANG BARAT,-6.32468,107.08645,17845.0,
499,32,32.16,32.16.09,JAWA BARAT,KAB. BEKASI,CIKARANG UTARA,32,3216,3216061,JAWA BARAT,KABUPATEN BEKASI,CIKARANG UTARA,-6.27182,107.14925,17835.0,
500,32,32.16,32.16.10,JAWA BARAT,KAB. BEKASI,KARANG BAHAGIA,32,3216,3216062,JAWA BARAT,KABUPATEN BEKASI,KARANGBAHAGIA,-6.20472,107.20148,17531.0,
501,32,32.16,32.16.11,JAWA BARAT,KAB. BEKASI,CIKARANG TIMUR,32,3216,3216041,JAWA BARAT,KABUPATEN BEKASI,CIKARANG TIMUR,-6.27765,107.18339,17822.0,
502,32,32.16,32.16.12,JAWA BARAT,KAB. BEKASI,KEDUNG WARINGIN,32,3216,3216050,JAWA BARAT,KABUPATEN BEKASI,KEDUNGWARINGIN,-6.26854,107.26038,17541.0,
503,32,32.16,32.16.13,JAWA BARAT,KAB. BEKASI,PEBAYURAN,32,3216,3216130,JAWA BARAT,KABUPATEN BEKASI,PEBAYURAN,-6.13773,107.2745,17710.0,
504,32,32.16,32.16.14,JAWA BARAT,KAB. BEKASI,SUKAKARYA,32,3216,3216121,JAWA BARAT,KABUPATEN BEKASI,SUKAKARYA,-6.14506,107.17443,17641.0,
505,32,32.16,32.16.15,JAWA BARAT,KAB. BEKASI,SUKATANI,32,3216,3216120,JAWA BARAT,KABUPATEN BEKASI,SUKATANI,-6.13483,107.14204,17643.0,
506,32,32.16,32.16.16,JAWA BARAT,KAB. BEKASI,CABANGBUNGIN,32,3216,3216140,JAWA BARAT,KABUPATEN BEKASI,CABANGBUNGIN,-6.07931,107.14166,17728.0,
507,32,32.16,32.16.17,JAWA BARAT,KAB. BEKASI,MUARAGEMBONG,32,3216,3216150,JAWA BARAT,KABUPATEN BEKASI,MUARA GEMBONG,-5.99626,107.05075,17731.0,
508,32,32.16,32.16.18,JAWA BARAT,KAB. BEKASI,SETU,32,3216,3216010,JAWA BARAT,KABUPATEN BEKASI,SETU,-6.36372,107.03777,17324.0,
509,32,32.16,32.16.19,JAWA BARAT,KAB. BEKASI,CIKARANG SELATAN,32,3216,3216023,JAWA BARAT,KABUPATEN BEKASI,CIKARANG SELATAN,-6.36265,107.12629,17854.0,
510,32,32.16,32.16.20,JAWA BARAT,KAB. BEKASI,CIKARANG PUSAT,32,3216,3216022,JAWA BARAT,KABUPATEN BEKASI,CIKARANG PUSAT,-6.37445,107.17416,17811.0,
511,32,32.16,32.16.21,JAWA BARAT,KAB. BEKASI,SERANG BARU,32,3216,3216021,JAWA BARAT,KABUPATEN BEKASI,SERANG BARU,-6.38163,107.10859,17332.0,
512,32,32.16,32.16.22,JAWA BARAT,KAB. BEKASI,CIBARUSAH,32,3216,3216030,JAWA BARAT,KABUPATEN BEKASI,CIBARUSAH,-6.44665,107.11649,17344.0,
513,32,32.16,32.16.23,JAWA BARAT,KAB. BEKASI,BOJONGMANGU,32,3216,3216031,JAWA BARAT,KABUPATEN BEKASI,BOJONGMANGU,-6.44043,107.19965,17451.0,
514,32,32.17,32.17.01,JAWA BARAT,KAB. BANDUNG BARAT,LEMBANG,32,3217,3217120,JAWA BARAT,KABUPATEN BANDUNG BARAT,LEMBANG,-6.81721,107.62178,40791.0,
515,32,32.17,32.17.02,JAWA BARAT,KAB. BANDUNG BARAT,PARONGPONG,32,3217,3217110,JAWA BARAT,KABUPATEN BANDUNG BARAT,PARONGPONG,-6.79929,107.58345,40759.0,
516,32,32.17,32.17.03,JAWA BARAT,KAB. BANDUNG BARAT,CISARUA,32,3217,3217130,JAWA BARAT,KABUPATEN BANDUNG BARAT,CISARUA,-6.80185,107.53838,40751.0,
517,32,32.17,32.17.04,JAWA BARAT,KAB. BANDUNG BARAT,CIKALONGWETAN,32,3217,3217140,JAWA BARAT,KABUPATEN BANDUNG BARAT,CIKALONG WETAN,-6.74372,107.44544,40756.0,
518,32,32.17,32.17.05,JAWA BARAT,KAB. BANDUNG BARAT,CIPEUNDEUY,32,3217,3217150,JAWA BARAT,KABUPATEN BANDUNG BARAT,CIPEUNDEUY,-6.74142,107.35538,40758.0,
519,32,32.17,32.17.06,JAWA BARAT,KAB. BANDUNG BARAT,NGAMPRAH,32,3217,3217100,JAWA BARAT,KABUPATEN BANDUNG BARAT,NGAMPRAH,-6.82972,107.50718,40721.0,
520,32,32.17,32.17.07,JAWA BARAT,KAB. BANDUNG BARAT,CIPATAT,32,3217,3217080,JAWA BARAT,KABUPATEN BANDUNG BARAT,CIPATAT,-6.82542,107.38205,40754.0,
521,32,32.17,32.17.08,JAWA BARAT,KAB. BANDUNG BARAT,PADALARANG,32,3217,3217090,JAWA BARAT,KABUPATEN BANDUNG BARAT,PADALARANG,-6.84425,107.46715,40711.0,
522,32,32.17,32.17.09,JAWA BARAT,KAB. BANDUNG BARAT,BATUJAJAR,32,3217,3217070,JAWA BARAT,KABUPATEN BANDUNG BARAT,BATUJAJAR,-6.89015,107.36079,40561.0,
523,32,32.17,32.17.10,JAWA BARAT,KAB. BANDUNG BARAT,CIHAMPELAS,32,3217,3217050,JAWA BARAT,KABUPATEN BANDUNG BARAT,CIHAMPELAS,-6.91898,107.46794,40767.0,
524,32,32.17,32.17.11,JAWA BARAT,KAB. BANDUNG BARAT,CILILIN,32,3217,3217040,JAWA BARAT,KABUPATEN BANDUNG BARAT,CILILIN,-6.9473,107.44928,40762.0,
525,32,32.17,32.17.12,JAWA BARAT,KAB. BANDUNG BARAT,CIPONGKOR,32,3217,3217060,JAWA BARAT,KABUPATEN BANDUNG BARAT,CIPONGKOR,-6.94381,107.35116,40764.0,
526,32,32.17,32.17.13,JAWA BARAT,KAB. BANDUNG BARAT,RONGGA,32,3217,3217010,JAWA BARAT,KABUPATEN BANDUNG BARAT,RONGGA,-6.97006,107.2564,40766.0,
527,32,32.17,32.17.14,JAWA BARAT,KAB. BANDUNG BARAT,SINDANGKERTA,32,3217,3217030,JAWA BARAT,KABUPATEN BANDUNG BARAT,SINDANGKERTA,-6.97806,107.41718,40763.0,
528,32,32.17,32.17.15,JAWA BARAT,KAB. BANDUNG BARAT,GUNUNGHALU,32,3217,3217020,JAWA BARAT,KABUPATEN BANDUNG BARAT,GUNUNGHALU,-7.06204,107.34276,40765.0,
529,32,32.17,32.17.16,JAWA BARAT,KAB. BANDUNG BARAT,SAGULING,32,3217,3217071,JAWA BARAT,KABUPATEN BANDUNG BARAT,SAGULING,-6.8952,107.37254,40561.0,
530,32,32.18,32.18.01,JAWA BARAT,KAB. PANGANDARAN,PARIGI,32,3218,3218050,JAWA BARAT,KABUPATEN PANGANDARAN,PARIGI,-7.51325,108.66181,46584.0,
531,32,32.18,32.18.02,JAWA BARAT,KAB. PANGANDARAN,CIJULANG,32,3218,3218020,JAWA BARAT,KABUPATEN PANGANDARAN,CIJULANG,-7.68081,108.6461,46596.0,
532,32,32.18,32.18.03,JAWA BARAT,KAB. PANGANDARAN,CIMERAK,32,3218,3218010,JAWA BARAT,KABUPATEN PANGANDARAN,CIMERAK,-7.50067,108.62878,46283.0,
533,32,32.18,32.18.04,JAWA BARAT,KAB. PANGANDARAN,CIGUGUR,32,3218,3218030,JAWA BARAT,KABUPATEN PANGANDARAN,CIGUGUR,-7.63335,108.74286,46597.0,
534,32,32.18,32.18.05,JAWA BARAT,KAB. PANGANDARAN,LANGKAPLANCAR,32,3218,3218040,JAWA BARAT,KABUPATEN PANGANDARAN,LANGKAPLANCAR,-7.56945,108.50156,46591.0,
535,32,32.18,32.18.06,JAWA BARAT,KAB. PANGANDARAN,MANGUNJAYA,32,3218,3218100,JAWA BARAT,KABUPATEN PANGANDARAN,MANGUNJAYA,-7.42754,108.55863,46282.0,
536,32,32.18,32.18.07,JAWA BARAT,KAB. PANGANDARAN,PADAHERANG,32,3218,3218090,JAWA BARAT,KABUPATEN PANGANDARAN,PADAHERANG,-7.5476,108.69452,46584.0,
537,32,32.18,32.18.08,JAWA BARAT,KAB. PANGANDARAN,KALIPUCANG,32,3218,3218080,JAWA BARAT,KABUPATEN PANGANDARAN,KALIPUCANG,-7.66454,108.72395,46597.0,
538,32,32.18,32.18.09,JAWA BARAT,KAB. PANGANDARAN,PANGANDARAN,32,3218,3218070,JAWA BARAT,KABUPATEN PANGANDARAN,PANGANDARAN,-7.70334,108.6584,46596.0,
539,32,32.18,32.18.10,JAWA BARAT,KAB. PANGANDARAN,SIDAMULIH,32,3218,3218060,JAWA BARAT,KABUPATEN PANGANDARAN,SIDAMULIH,-7.51325,108.66181,46584.0,
540,32,32.71,32.71.01,JAWA BARAT,KOTA BOGOR,BOGOR SELATAN,32,3271,3271010,JAWA BARAT,KOTA BOGOR,BOGOR SELATAN,-6.66554,106.83749,16139.0,
541,32,32.71,32.71.02,JAWA BARAT,KOTA BOGOR,BOGOR TIMUR,32,3271,3271020,JAWA BARAT,KOTA BOGOR,BOGOR TIMUR,-6.62281,106.82432,16144.0,
542,32,32.71,32.71.03,JAWA BARAT,KOTA BOGOR,BOGOR TENGAH,32,3271,3271040,JAWA BARAT,KOTA BOGOR,BOGOR TENGAH,-6.59375,106.79865,16122.0,
543,32,32.71,32.71.04,JAWA BARAT,KOTA BOGOR,BOGOR BARAT,32,3271,3271050,JAWA BARAT,KOTA BOGOR,BOGOR BARAT,-6.59067,106.77443,16118.0,
544,32,32.71,32.71.05,JAWA BARAT,KOTA BOGOR,BOGOR UTARA,32,3271,3271030,JAWA BARAT,KOTA BOGOR,BOGOR UTARA,-6.57446,106.81754,16152.0,
545,32,32.71,32.71.06,JAWA BARAT,KOTA BOGOR,TANAH SAREAL,32,3271,3271060,JAWA BARAT,KOTA BOGOR,TANAH SEREAL,-6.57465,106.80118,16161.0,
546,32,32.72,32.72.01,JAWA BARAT,KOTA SUKABUMI,GUNUNGPUYUH,32,3272,3272040,JAWA BARAT,KOTA SUKABUMI,GUNUNG PUYUH,-6.91724,106.91911,43121.0,
547,32,32.72,32.72.02,JAWA BARAT,KOTA SUKABUMI,CIKOLE,32,3272,3272050,JAWA BARAT,KOTA SUKABUMI,CIKOLE,-6.91341,106.93741,43113.0,
548,32,32.72,32.72.03,JAWA BARAT,KOTA SUKABUMI,CITAMIANG,32,3272,3272020,JAWA BARAT,KOTA SUKABUMI,CITAMIANG,-6.93681,106.93158,43144.0,
549,32,32.72,32.72.04,JAWA BARAT,KOTA SUKABUMI,WARUDOYONG,32,3272,3272030,JAWA BARAT,KOTA SUKABUMI,WARUDOYONG,-6.9282,106.91575,43132.0,
550,32,32.72,32.72.05,JAWA BARAT,KOTA SUKABUMI,BAROS,32,3272,3272010,JAWA BARAT,KOTA SUKABUMI,BAROS,-6.95913,106.9256,43166.0,
551,32,32.72,32.72.06,JAWA BARAT,KOTA SUKABUMI,LEMBURSITU,32,3272,3272011,JAWA BARAT,KOTA SUKABUMI,LEMBURSITU,-6.97155,106.90434,43168.0,
552,32,32.72,32.72.07,JAWA BARAT,KOTA SUKABUMI,CIBEUREUM,32,3272,3272012,JAWA BARAT,KOTA SUKABUMI,CIBEUREUM,-6.94012,106.94727,43165.0,
553,32,32.73,32.73.01,JAWA BARAT,KOTA BANDUNG,SUKASARI,32,3273,3273250,JAWA BARAT,KOTA BANDUNG,SUKASARI,-6.86657,107.58773,40153.0,
554,32,32.73,32.73.02,JAWA BARAT,KOTA BANDUNG,COBLONG,32,3273,3273230,JAWA BARAT,KOTA BANDUNG,COBLONG,-6.89076,107.61696,40132.0,
555,32,32.73,32.73.03,JAWA BARAT,KOTA BANDUNG,BABAKAN CIPARAY,32,3273,3273020,JAWA BARAT,KOTA BANDUNG,BABAKAN CIPARAY,-6.94347,107.57764,40223.0,
556,32,32.73,32.73.04,JAWA BARAT,KOTA BANDUNG,BOJONGLOA KALER,32,3273,3273030,JAWA BARAT,KOTA BANDUNG,BOJONGLOA KALER,-6.93461,107.5915,40233.0,
557,32,32.73,32.73.05,JAWA BARAT,KOTA BANDUNG,ANDIR,32,3273,3273180,JAWA BARAT,KOTA BANDUNG,ANDIR,-6.91626,107.58925,40182.0,
558,32,32.73,32.73.06,JAWA BARAT,KOTA BANDUNG,CICENDO,32,3273,3273190,JAWA BARAT,KOTA BANDUNG,CICENDO,-6.89551,107.58914,40173.0,
559,32,32.73,32.73.07,JAWA BARAT,KOTA BANDUNG,SUKAJADI,32,3273,3273240,JAWA BARAT,KOTA BANDUNG,SUKAJADI,-6.88073,107.59039,40162.0,
560,32,32.73,32.73.08,JAWA BARAT,KOTA BANDUNG,CIDADAP,32,3273,3273260,JAWA BARAT,KOTA BANDUNG,CIDADAP,-6.86573,107.60584,40142.0,
561,32,32.73,32.73.09,JAWA BARAT,KOTA BANDUNG,BANDUNG WETAN,32,3273,3273200,JAWA BARAT,KOTA BANDUNG,BANDUNG WETAN,-6.90644,107.61458,40115.0,
562,32,32.73,32.73.10,JAWA BARAT,KOTA BANDUNG,ASTANA ANYAR,32,3273,3273050,JAWA BARAT,KOTA BANDUNG,ASTANAANYAR,-6.92994,107.60347,40242.0,
563,32,32.73,32.73.11,JAWA BARAT,KOTA BANDUNG,REGOL,32,3273,3273060,JAWA BARAT,KOTA BANDUNG,REGOL,-6.93791,107.61464,40254.0,
564,32,32.73,32.73.12,JAWA BARAT,KOTA BANDUNG,BATUNUNGGAL,32,3273,3273160,JAWA BARAT,KOTA BANDUNG,BATUNUNGGAL,-6.91421,107.63998,40272.0,
565,32,32.73,32.73.13,JAWA BARAT,KOTA BANDUNG,LENGKONG,32,3273,3273070,JAWA BARAT,KOTA BANDUNG,LENGKONG,-6.93846,107.62416,40264.0,
566,32,32.73,32.73.14,JAWA BARAT,KOTA BANDUNG,CIBEUNYING KIDUL,32,3273,3273210,JAWA BARAT,KOTA BANDUNG,CIBEUNYING KIDUL,-6.9011,107.64665,40125.0,
567,32,32.73,32.73.15,JAWA BARAT,KOTA BANDUNG,BANDUNG KULON,32,3273,3273010,JAWA BARAT,KOTA BANDUNG,BANDUNG KULON,-6.9278,107.56858,40212.0,
568,32,32.73,32.73.16,JAWA BARAT,KOTA BANDUNG,KIARACONDONG,32,3273,3273150,JAWA BARAT,KOTA BANDUNG,KIARACONDONG,-6.92726,107.65492,40283.0,
569,32,32.73,32.73.17,JAWA BARAT,KOTA BANDUNG,BOJONGLOA KIDUL,32,3273,3273040,JAWA BARAT,KOTA BANDUNG,BOJONGLOA KIDUL,-6.95575,107.59335,40238.0,
570,32,32.73,32.73.18,JAWA BARAT,KOTA BANDUNG,CIBEUNYING KALER,32,3273,3273220,JAWA BARAT,KOTA BANDUNG,CIBEUNYING KALER,-6.8922,107.63229,40123.0,
571,32,32.73,32.73.19,JAWA BARAT,KOTA BANDUNG,SUMUR BANDUNG,32,3273,3273170,JAWA BARAT,KOTA BANDUNG,SUMUR BANDUNG,-6.9191,107.615,40112.0,
572,32,32.73,32.73.20,JAWA BARAT,KOTA BANDUNG,ANTAPANI,32,3273,3273141,JAWA BARAT,KOTA BANDUNG,ANTAPANI,-6.91711,107.66125,40291.0,
573,32,32.73,32.73.21,JAWA BARAT,KOTA BANDUNG,BANDUNG KIDUL,32,3273,3273080,JAWA BARAT,KOTA BANDUNG,BANDUNG KIDUL,-6.95754,107.63945,40268.0,
574,32,32.73,32.73.22,JAWA BARAT,KOTA BANDUNG,BUAHBATU,32,3273,3273090,JAWA BARAT,KOTA BANDUNG,BUAHBATU,-6.95681,107.65221,40286.0,
575,32,32.73,32.73.23,JAWA BARAT,KOTA BANDUNG,RANCASARI,32,3273,3273100,JAWA BARAT,KOTA BANDUNG,RANCASARI,-6.95897,107.67723,40292.0,
576,32,32.73,32.73.24,JAWA BARAT,KOTA BANDUNG,ARCAMANIK,32,3273,3273130,JAWA BARAT,KOTA BANDUNG,ARCAMANIK,-6.91785,107.67285,40293.0,
577,32,32.73,32.73.25,JAWA BARAT,KOTA BANDUNG,CIBIRU,32,3273,3273110,JAWA BARAT,KOTA BANDUNG,CIBIRU,-6.93083,107.71931,40299.0,
578,32,32.73,32.73.26,JAWA BARAT,KOTA BANDUNG,UJUNGBERUNG,32,3273,3273120,JAWA BARAT,KOTA BANDUNG,UJUNG BERUNG,-6.91406,107.69665,40199.0,
579,32,32.73,32.73.27,JAWA BARAT,KOTA BANDUNG,GEDEBAGE,32,3273,3273101,JAWA BARAT,KOTA BANDUNG,GEDEBAGE,-6.9466,107.68919,40295.0,
580,32,32.73,32.73.28,JAWA BARAT,KOTA BANDUNG,PANYILEUKAN,32,3273,3273111,JAWA BARAT,KOTA BANDUNG,PANYILEUKAN,-6.93154,107.70581,40298.0,
581,32,32.73,32.73.29,JAWA BARAT,KOTA BANDUNG,CINAMBO,32,3273,3273121,JAWA BARAT,KOTA BANDUNG,CINAMBO,-6.92458,107.69201,40294.0,
582,32,32.73,32.73.30,JAWA BARAT,KOTA BANDUNG,MANDALAJATI,32,3273,3273142,JAWA BARAT,KOTA BANDUNG,MANDALAJATI,-6.89231,107.66247,40193.0,
583,32,32.74,32.74.01,JAWA BARAT,KOTA CIREBON,KEJAKSAN,32,3274,3274050,JAWA BARAT,KOTA CIREBON,KEJAKSAN,-6.70645,108.55806,45124.0,
584,32,32.74,32.74.02,JAWA BARAT,KOTA CIREBON,LEMAH WUNGKUK,32,3274,3274020,JAWA BARAT,KOTA CIREBON,LEMAHWUNGKUK,-6.72168,108.56894,45111.0,
585,32,32.74,32.74.03,JAWA BARAT,KOTA CIREBON,HARJAMUKTI,32,3274,3274010,JAWA BARAT,KOTA CIREBON,HARJAMUKTI,-6.75528,108.54928,45144.0,
586,32,32.74,32.74.04,JAWA BARAT,KOTA CIREBON,PEKALIPAN,32,3274,3274030,JAWA BARAT,KOTA CIREBON,PEKALIPAN,-6.72063,108.56109,45118.0,
587,32,32.74,32.74.05,JAWA BARAT,KOTA CIREBON,KESAMBI,32,3274,3274040,JAWA BARAT,KOTA CIREBON,KESAMBI,-6.73678,108.54214,45132.0,
588,32,32.75,32.75.01,JAWA BARAT,KOTA BEKASI,BEKASI TIMUR,32,3275,3275040,JAWA BARAT,KOTA BEKASI,BEKASI TIMUR,-6.24874,107.01713,17113.0,
589,32,32.75,32.75.02,JAWA BARAT,KOTA BEKASI,BEKASI BARAT,32,3275,3275060,JAWA BARAT,KOTA BEKASI,BEKASI BARAT,-6.23447,106.97014,17137.0,
590,32,32.75,32.75.03,JAWA BARAT,KOTA BEKASI,BEKASI UTARA,32,3275,3275070,JAWA BARAT,KOTA BEKASI,BEKASI UTARA,-6.20856,107.0086,17122.0,
591,32,32.75,32.75.04,JAWA BARAT,KOTA BEKASI,BEKASI SELATAN,32,3275,3275050,JAWA BARAT,KOTA BEKASI,BEKASI SELATAN,-6.26759,106.96038,17146.0,
592,32,32.75,32.75.05,JAWA BARAT,KOTA BEKASI,RAWALUMBU,32,3275,3275041,JAWA BARAT,KOTA BEKASI,RAWALUMBU,-6.2811,106.99448,17176.0,
593,32,32.75,32.75.06,JAWA BARAT,KOTA BEKASI,MEDANSATRIA,32,3275,3275061,JAWA BARAT,KOTA BEKASI,MEDAN SATRIA,-6.19572,106.97397,17182.0,
594,32,32.75,32.75.07,JAWA BARAT,KOTA BEKASI,BANTARGEBANG,32,3275,3275030,JAWA BARAT,KOTA BEKASI,BANTARGEBANG,-6.34793,106.98329,17152.0,
595,32,32.75,32.75.08,JAWA BARAT,KOTA BEKASI,PONDOKGEDE,32,3275,3275010,JAWA BARAT,KOTA BEKASI,PONDOKGEDE,-6.27709,106.93469,17413.0,
596,32,32.75,32.75.09,JAWA BARAT,KOTA BEKASI,JATIASIH,32,3275,3275020,JAWA BARAT,KOTA BEKASI,JATIASIH,-6.30131,106.95716,17423.0,
597,32,32.75,32.75.10,JAWA BARAT,KOTA BEKASI,JATISAMPURNA,32,3275,3275011,JAWA BARAT,KOTA BEKASI,JATISAMPURNA,-6.3623,106.93007,17433.0,
598,32,32.75,32.75.11,JAWA BARAT,KOTA BEKASI,MUSTIKAJAYA,32,3275,3275031,JAWA BARAT,KOTA BEKASI,MUSTIKAJAYA,-6.30892,107.02061,17156.0,
599,32,32.75,32.75.12,JAWA BARAT,KOTA BEKASI,PONDOKMELATI,32,3275,3275012,JAWA BARAT,KOTA BEKASI,PONDOKMELATI,-6.30354,106.93195,17445.0,
600,32,32.76,32.76.01,JAWA BARAT,KOTA DEPOK,PANCORAN MAS,32,3276,3276020,JAWA BARAT,KOTA DEPOK,PANCORAN MAS,-6.39541,106.79902,16433.0,
601,32,32.76,32.76.02,JAWA BARAT,KOTA DEPOK,CIMANGGIS,32,3276,3276040,JAWA BARAT,KOTA DEPOK,CIMANGGIS,-6.37198,106.8699,16452.0,
602,32,32.76,32.76.03,JAWA BARAT,KOTA DEPOK,SAWANGAN,32,3276,3276010,JAWA BARAT,KOTA DEPOK,SAWANGAN,-6.40472,106.76456,16511.0,
603,32,32.76,32.76.04,JAWA BARAT,KOTA DEPOK,LIMO,32,3276,3276060,JAWA BARAT,KOTA DEPOK,LIMO,-6.37162,106.77306,16531.0,
604,32,32.76,32.76.05,JAWA BARAT,KOTA DEPOK,SUKMAJAYA,32,3276,3276030,JAWA BARAT,KOTA DEPOK,SUKMA JAYA,-6.39709,106.84399,16417.0,
605,32,32.76,32.76.06,JAWA BARAT,KOTA DEPOK,BEJI,32,3276,3276050,JAWA BARAT,KOTA DEPOK,BEJI,-6.36587,106.8138,16425.0,
606,32,32.76,32.76.07,JAWA BARAT,KOTA DEPOK,CIPAYUNG,32,3276,3276021,JAWA BARAT,KOTA DEPOK,CIPAYUNG,-6.43768,106.80756,16444.0,
607,32,32.76,32.76.08,JAWA BARAT,KOTA DEPOK,CILODONG,32,3276,3276031,JAWA BARAT,KOTA DEPOK,CILODONG,-6.42759,106.8363,16473.0,
608,32,32.76,32.76.09,JAWA BARAT,KOTA DEPOK,CINERE,32,3276,3276061,JAWA BARAT,KOTA DEPOK,CINERE,-6.32504,106.78464,16541.0,
609,32,32.76,32.76.10,JAWA BARAT,KOTA DEPOK,TAPOS,32,3276,3276041,JAWA BARAT,KOTA DEPOK,TAPOS,-6.41878,106.89268,16464.0,
610,32,32.76,32.76.11,JAWA BARAT,KOTA DEPOK,BOJONGSARI,32,3276,3276011,JAWA BARAT,KOTA DEPOK,BOJONGSARI,-6.37937,106.73674,16523.0,
611,32,32.77,32.77.01,JAWA BARAT,KOTA CIMAHI,CIMAHI SELATAN,32,3277,3277010,JAWA BARAT,KOTA CIMAHI,CIMAHI SELATAN,-6.90978,107.55138,40535.0,
612,32,32.77,32.77.02,JAWA BARAT,KOTA CIMAHI,CIMAHI TENGAH,32,3277,3277020,JAWA BARAT,KOTA CIMAHI,CIMAHI TENGAH,-6.88428,107.53952,40521.0,
613,32,32.77,32.77.03,JAWA BARAT,KOTA CIMAHI,CIMAHI UTARA,32,3277,3277030,JAWA BARAT,KOTA CIMAHI,CIMAHI UTARA,-6.86245,107.55115,40512.0,
614,32,32.78,32.78.01,JAWA BARAT,KOTA TASIKMALAYA,CIHIDEUNG,32,3278,3278050,JAWA BARAT,KOTA TASIKMALAYA,CIHIDEUNG,-7.33601,108.21869,46124.0,
615,32,32.78,32.78.02,JAWA BARAT,KOTA TASIKMALAYA,CIPEDES,32,3278,3278080,JAWA BARAT,KOTA TASIKMALAYA,CIPEDES,-7.31373,108.22325,46132.0,
616,32,32.78,32.78.03,JAWA BARAT,KOTA TASIKMALAYA,TAWANG,32,3278,3278040,JAWA BARAT,KOTA TASIKMALAYA,TAWANG,-7.34356,108.22802,46115.0,
617,32,32.78,32.78.04,JAWA BARAT,KOTA TASIKMALAYA,INDIHIANG,32,3278,3278070,JAWA BARAT,KOTA TASIKMALAYA,INDIHIANG,-7.28212,108.1876,46137.0,
618,32,32.78,32.78.05,JAWA BARAT,KOTA TASIKMALAYA,KAWALU,32,3278,3278010,JAWA BARAT,KOTA TASIKMALAYA,KAWALU,-7.38997,108.19974,46141.0,
619,32,32.78,32.78.06,JAWA BARAT,KOTA TASIKMALAYA,CIBEUREUM,32,3278,3278030,JAWA BARAT,KOTA TASIKMALAYA,CIBEUREUM,-7.3546,108.25937,46117.0,
620,32,32.78,32.78.07,JAWA BARAT,KOTA TASIKMALAYA,TAMANSARI,32,3278,3278020,JAWA BARAT,KOTA TASIKMALAYA,TAMANSARI,-7.3861,108.23848,46147.0,
621,32,32.78,32.78.08,JAWA BARAT,KOTA TASIKMALAYA,MANGKUBUMI,32,3278,3278060,JAWA BARAT,KOTA TASIKMALAYA,MANGKUBUMI,-7.35066,108.18631,46127.0,
622,32,32.78,32.78.09,JAWA BARAT,KOTA TASIKMALAYA,BUNGURSARI,32,3278,3278071,JAWA BARAT,KOTA TASIKMALAYA,BUNGURSARI,-7.30152,108.17353,46138.0,
623,32,32.78,32.78.10,JAWA BARAT,KOTA TASIKMALAYA,PURBARATU,32,3278,3278031,JAWA BARAT,KOTA TASIKMALAYA,PURBARATU,-7.33591,108.26688,46119.0,
624,32,32.79,32.79.01,JAWA BARAT,KOTA BANJAR,BANJAR,32,3279,3279010,JAWA BARAT,KOTA BANJAR,BANJAR,-7.3695,108.53494,46311.0,
625,32,32.79,32.79.02,JAWA BARAT,KOTA BANJAR,PATARUMAN,32,3279,3279030,JAWA BARAT,KOTA BANJAR,PATARUMAN,-7.39223,108.54046,46322.0,
626,32,32.79,32.79.03,JAWA BARAT,KOTA BANJAR,PURWAHARJA,32,3279,3279020,JAWA BARAT,KOTA BANJAR,PURWAHARJA,-7.3585,108.57033,46333.0,
627,32,32.79,32.79.04,JAWA BARAT,KOTA BANJAR,LANGENSARI,32,3279,3279040,JAWA BARAT,KOTA BANJAR,LANGENSARI,-7.36562,108.62885,46341.0,
628,32,32.01,00.00.00,JAWA BARAT,KAB. BOGOR,KECAMATAN BELUM TERIDENTIFIKASI,32,3201,0,JAWA BARAT,KABUPATEN BOGOR,KECAMATAN BELUM TERIDENTIFIKASI,,,,
629,32,32.02,00.00.00,JAWA BARAT,KAB. SUKABUMI,KECAMATAN BELUM TERIDENTIFIKASI,32,3202,0,JAWA BARAT,KABUPATEN SUKABUMI,KECAMATAN BELUM TERIDENTIFIKASI,,,,
630,32,32.03,00.00.00,JAWA BARAT,KAB. CIANJUR,KECAMATAN BELUM TERIDENTIFIKASI,32,3203,0,JAWA BARAT,KABUPATEN CIANJUR,KECAMATAN BELUM TERIDENTIFIKASI,,,,
631,32,32.04,00.00.00,JAWA BARAT,KAB. BANDUNG,KECAMATAN BELUM TERIDENTIFIKASI,32,3204,0,JAWA BARAT,KABUPATEN BANDUNG,KECAMATAN BELUM TERIDENTIFIKASI,,,,
632,32,32.05,00.00.00,JAWA BARAT,KAB. GARUT,KECAMATAN BELUM TERIDENTIFIKASI,32,3205,0,JAWA BARAT,KABUPATEN GARUT,KECAMATAN BELUM TERIDENTIFIKASI,,,,
633,32,32.06,00.00.00,JAWA BARAT,KAB. TASIKMALAYA,KECAMATAN BELUM TERIDENTIFIKASI,32,3206,0,JAWA BARAT,KABUPATEN TASIKMALAYA,KECAMATAN BELUM TERIDENTIFIKASI,,,,
634,32,32.07,00.00.00,JAWA BARAT,KAB. CIAMIS,KECAMATAN BELUM TERIDENTIFIKASI,32,3207,0,JAWA BARAT,KABUPATEN CIAMIS,KECAMATAN BELUM TERIDENTIFIKASI,,,,
635,32,32.08,00.00.00,JAWA BARAT,KAB. KUNINGAN,KECAMATAN BELUM TERIDENTIFIKASI,32,3208,0,JAWA BARAT,KABUPATEN KUNINGAN,KECAMATAN BELUM TERIDENTIFIKASI,,,,
636,32,32.09,00.00.00,JAWA BARAT,KAB. CIREBON,KECAMATAN BELUM TERIDENTIFIKASI,32,3209,0,JAWA BARAT,KABUPATEN CIREBON,KECAMATAN BELUM TERIDENTIFIKASI,,,,
637,32,32.1,00.00.00,JAWA BARAT,KAB. MAJALENGKA,KECAMATAN BELUM TERIDENTIFIKASI,32,3210,0,JAWA BARAT,KABUPATEN MAJALENGKA,KECAMATAN BELUM TERIDENTIFIKASI,,,,
638,32,32.11,00.00.00,JAWA BARAT,KAB. SUMEDANG,KECAMATAN BELUM TERIDENTIFIKASI,32,3211,0,JAWA BARAT,KABUPATEN SUMEDANG,KECAMATAN BELUM TERIDENTIFIKASI,,,,
639,32,32.12,00.00.00,JAWA BARAT,KAB. INDRAMAYU,KECAMATAN BELUM TERIDENTIFIKASI,32,3212,0,JAWA BARAT,KABUPATEN INDRAMAYU,KECAMATAN BELUM TERIDENTIFIKASI,,,,
640,32,32.13,00.00.00,JAWA BARAT,KAB. SUBANG,KECAMATAN BELUM TERIDENTIFIKASI,32,3213,0,JAWA BARAT,KABUPATEN SUBANG,KECAMATAN BELUM TERIDENTIFIKASI,,,,
641,32,32.14,00.00.00,JAWA BARAT,KAB. PURWAKARTA,KECAMATAN BELUM TERIDENTIFIKASI,32,3214,0,JAWA BARAT,KABUPATEN PURWAKARTA,KECAMATAN BELUM TERIDENTIFIKASI,,,,
642,32,32.15,00.00.00,JAWA BARAT,KAB. KARAWANG,KECAMATAN BELUM TERIDENTIFIKASI,32,3215,0,JAWA BARAT,KABUPATEN KARAWANG,KECAMATAN BELUM TERIDENTIFIKASI,,,,
643,32,32.16,00.00.00,JAWA BARAT,KAB. BEKASI,KECAMATAN BELUM TERIDENTIFIKASI,32,3216,0,JAWA BARAT,KABUPATEN BEKASI,KECAMATAN BELUM TERIDENTIFIKASI,,,,
644,32,32.17,00.00.00,JAWA BARAT,KAB. BANDUNG BARAT,KECAMATAN BELUM TERIDENTIFIKASI,32,3217,0,JAWA BARAT,KABUPATEN BANDUNG BARAT,KECAMATAN BELUM TERIDENTIFIKASI,,,,
645,32,32.18,00.00.00,JAWA BARAT,KAB. PANGANDARAN,KECAMATAN BELUM TERIDENTIFIKASI,32,3218,0,JAWA BARAT,KABUPATEN PANGANDARAN,KECAMATAN BELUM TERIDENTIFIKASI,,,,
646,32,32.71,00.00.00,JAWA BARAT,KOTA BOGOR,KECAMATAN BELUM TERIDENTIFIKASI,32,3271,0,JAWA BARAT,KOTA BOGOR,KECAMATAN BELUM TERIDENTIFIKASI,,,,
647,32,32.72,00.00.00,JAWA BARAT,KOTA SUKABUMI,KECAMATAN BELUM TERIDENTIFIKASI,32,3272,0,JAWA BARAT,KOTA SUKABUMI,KECAMATAN BELUM TERIDENTIFIKASI,,,,
648,32,32.73,00.00.00,JAWA BARAT,KOTA BANDUNG,KECAMATAN BELUM TERIDENTIFIKASI,32,3273,0,JAWA BARAT,KOTA BANDUNG,KECAMATAN BELUM TERIDENTIFIKASI,,,,
649,32,32.74,00.00.00,JAWA BARAT,KOTA CIREBON,KECAMATAN BELUM TERIDENTIFIKASI,32,3274,0,JAWA BARAT,KOTA CIREBON,KECAMATAN BELUM TERIDENTIFIKASI,,,,
650,32,32.75,00.00.00,JAWA BARAT,KOTA BEKASI,KECAMATAN BELUM TERIDENTIFIKASI,32,3275,0,JAWA BARAT,KOTA BEKASI,KECAMATAN BELUM TERIDENTIFIKASI,,,,
651,32,32.76,00.00.00,JAWA BARAT,KOTA DEPOK,KECAMATAN BELUM TERIDENTIFIKASI,32,3276,0,JAWA BARAT,KOTA DEPOK,KECAMATAN BELUM TERIDENTIFIKASI,,,,
652,32,32.77,00.00.00,JAWA BARAT,KOTA CIMAHI,KECAMATAN BELUM TERIDENTIFIKASI,32,3277,0,JAWA BARAT,KOTA CIMAHI,KECAMATAN BELUM TERIDENTIFIKASI,,,,
653,32,32.78,00.00.00,JAWA BARAT,KOTA TASIKMALAYA,KECAMATAN BELUM TERIDENTIFIKASI,32,3278,0,JAWA BARAT,KOTA TASIKMALAYA,KECAMATAN BELUM TERIDENTIFIKASI,,,,
654,32,32.79,00.00.00,JAWA BARAT,KOTA BANJAR,KECAMATAN BELUM TERIDENTIFIKASI,32,3279,0,JAWA BARAT,KOTA BANJAR,KECAMATAN BELUM TERIDENTIFIKASI,,,,
